id,predicted_price
2591820310,472329.2813
7974200820,771460.0625
7701450110,897668.0625
9522300010,1211630.375
9510861140,584694.0625
1761300310,225608.4531
7732410120,965027.6875
7010701383,837630.5
291310170,412740.8125
4232901990,719770.125
6840701125,612058.875
3971700580,338928.8438
4202400078,308462.9688
6064800090,323339.9688
2626119028,267003.4375
3303980660,775532.375
862000020,1302267.875
2386000070,981919.125
1138000450,297303.9063
1775800420,628783.3125
2291401425,337142.1875
2025770560,697424.5
3525069037,624552.5
9324800450,587485.125
8080400136,1080047.625
8651540040,745750.625
9407001790,322485.4688
1773101530,307081.2188
9432900250,426153.3438
1794500695,793097
2220069003,259752.7344
923000120,533829.25
5728000060,645967.4375
16000200,225782.2969
1926059094,717786.375
6672900220,738446
3629860060,688947
1822069109,478114.5938
6675500105,273700.2813
249000180,807613.875
226059065,426934.0313
396100110,341455.6875
9264450460,379976.3438
7853361210,576517.0625
9474700020,310034.5313
421000455,211999.8906
3755200220,393678.9063
7960100075,542926.125
9477100490,398839.9063
9138100350,635251
1624049275,410395.625
2770606890,463012.8125
1157200189,386027.3125
2770601800,739536.375
9301300805,540802.625
2325069032,962438.75
1021079099,338700.0938
7215730040,662558.75
1853200080,567970.625
3224600340,745830.1875
3222049120,507480.4063
2113700025,301439.0938
7893207925,195068.1406
3586501085,669986.0625
8024200010,355229.75
7116500705,273650.75
1598600209,454800.125
7204200025,560342.9375
4206901505,650161.9375
2937300440,993285.0625
7205000180,179734.2188
8718500665,455567.9063
5318101765,1275674.375
4122700020,658803.375
8078700020,524849
3303980680,697328.25
8924100372,1201274.625
2781270210,368811.2813
519000043,724729.5
3225069301,1026500.375
151000075,520890.3438
2297400020,363228.0313
6617500085,442374.4375
104510180,249548.125
3528900060,1111494.625
3345100286,542485.75
1226039130,387468.2813
8712100720,764191.875
3037200010,625593.8125
3626039268,310364.9063
104510230,271656.9688
5112800060,452965.4063
6072400280,482819.1875
5317100570,1372224.375
9528102993,597939.5625
2919201095,633945.8125
6181400920,428296.0313
185000161,394333.7188
8691400010,863952.75
3345700165,671462.6875
6151800486,589935.9375
4340000080,1227374.375
4136960010,651518.25
3634100030,295094.8438
1624059224,769893.875
2788400090,443107.5313
9828200762,752247.125
7524400250,450164.6563
3528000290,703068.375
5700003630,1308819.375
2720069019,334485.6563
7227501170,198563.5625
2397101270,728517.5
6792100090,873981.75
2770602265,623933.0625
3971700937,321317.4063
422049203,378292.9688
3076500830,349707.7188
1423400260,220037.0781
9161100795,490338.125
3126049052,403073.8438
5100401468,520774.125
514500235,336036.8438
1423200170,221934.9531
1402100070,411481.0313
624110020,816479.75
2407000145,173508.8906
1890000225,783909.1875
1320069271,258819.7656
5490700085,290488.8438
263000155,484974.8438
3726800201,383763.0313
5153200358,241089.0156
2725079018,626062.625
7165700200,248621.6719
9429000170,379574.0313
8718500075,406415.9063
1760650950,256076.2656
1068000559,993237.1875
4113800500,678619.5625
4077800507,859754.3125
2725069150,894883
4008400035,499273.9063
7016310270,385179.125
1432701230,176019.4531
3278606050,345152.5313
2473350710,482888.5625
2185000685,280960.9688
7792000025,544674.5625
6868200029,608652.25
624069003,648124
7431500280,901113.1875
3296000040,673796.625
1118001215,1740754.125
6453900040,991769.4375
333100209,635689.625
34001765,543805.6875
8946700100,365599.375
5561401210,801004.3125
6671900095,293608.5938
3275850020,636139.3125
3876300600,377069.5938
1450900020,234746.2188
8562780280,399693.7188
7663700973,590341
2126049032,273271.7188
1823059159,396220.125
3438503426,281805.2813
9297301495,553074.875
7140700850,548016.25
7942601805,712591.75
2555900030,276289.125
2887970040,421439.7188
7419700010,494254.5938
2239000011,406286.2188
9283800050,764385.25
9407001340,384740.1563
217500140,410856.2188
7212660520,448002.9375
3298201170,414409.0938
3057000400,478714.4063
6865200444,622465.0625
6071600340,539219.625
6821600005,861977.625
1235100371,1149809.125
7796450340,373496.0625
3603000410,221950.2031
9297300255,524720.125
9126100850,618194.875
2770601462,596465.75
2599001500,275085.375
1102000095,642434.5625
1853080640,859107.375
9551201585,743220.75
3438500796,254252.4219
7518504291,488101.5625
9269200340,414109
715010130,1571055.875
1982201485,601945.625
9526500080,403880.875
9277200180,582793
6669150280,294761.0313
8917100153,760624.5625
3760500516,999680.25
2725069050,821401.9375
3332000091,534519.25
8562770080,684389.75
8151601190,533186.8125
8563040160,693635.25
240000269,324070.4688
4307350200,287591.0938
1311910300,162015.5781
3574900030,604428.375
7853230570,508262.3125
320069049,232604.9688
9839301060,811864.25
7011201333,783048.5
2781320100,348785.875
3421069120,593450.75
7852030320,537364
5316101075,1316465.5
5309100750,471419.5938
629000730,962916.625
511700170,320134.375
1562100030,812512.5
2489200230,365893.2813
524069116,425492.9063
5315100737,657816.9375
1868900675,571668.375
1608000120,540584.0625
705700240,271958.5625
7575600610,206375.3281
1778500015,703133.375
5423500240,181350.7031
6713700025,421706.1563
2734100734,230630.8594
301402280,362506.7813
2113700205,244979.625
4114601570,1557968.375
3332000615,307290.4688
3630050180,398588.9063
6852700520,563343.6875
6870310010,682479.5
6163900981,232354.1719
393000142,392466.9063
1771100130,252295.9219
1442860160,672094.5
9191200435,621186.5
6788200800,903491.375
1115300070,420032.7813
3176600105,904325.0625
2770604665,852014.375
5469500580,761623.625
5680000545,597379.625
3424089119,318958.1563
1328300180,277075.0625
1773100922,314997.7188
4123830480,506789.1875
9808610190,705654.125
4250200140,240376.1563
4217402115,1715119.375
3831250350,513957.25
2397101055,845741.5
6817850110,820561.875
7526800200,726946.8125
7853370100,494700.9688
2523089025,884897.625
9476200680,327389.75
5714200140,462685.7188
3575304895,556049.8125
263000018,391418.5313
8080400177,1115371
6450304130,398957.5
514500090,597534.1875
9477000300,185504.25
853600310,1100555.125
1951600240,181846.5
1099900120,380539.25
5323100120,549301.625
1223089016,390311.2813
522059172,231156.9375
1930300190,782247
9542840410,265959.9063
8665050530,501472.7188
5592900205,403916.5
5450300010,643416.3125
2459960030,333215.1563
3331500455,295130.2188
3432500705,352713.8125
3702900165,353975.3438
5249803550,687544.625
626049058,290708.9375
1788900380,169916.0625
8075400360,589261.875
9113200250,833054.625
2738640040,690133.375
7821200307,450292.7813
3530440140,229311.2813
3582700130,533949.5
9276200569,534364
7197800020,581573.9375
686200490,546458.3125
3501600100,772857.5
6383000690,762628.375
7604400150,312541.9375
5249801411,397664.5313
2607720420,325872.875
9561100010,381875.0625
1796370590,244426.9219
4077800593,676454.5
854000165,277276.8125
5536100010,1832819.875
4188000670,895970.125
31000165,978322.625
662350050,898857.125
4137000280,329857.2813
6169901130,1023730.125
1953400510,260860.9219
7518506716,740707.125
1552520010,369861.7813
7955080270,431000.7813
9212900100,820702.5
3438500798,255290.1406
7899800890,379436.2188
4319200605,431690.0625
1329300480,272780.875
8935100100,852237.125
5016001260,585044.75
4337600280,208506.9063
1446401220,141751.2344
7135521530,680729.1875
6888900115,546868.625
2413301070,322190.2813
345700040,233170.5781
5566100145,357864.4688
7634800070,479378.125
9346910500,617030.75
3529300060,260305.9844
8128600060,994754
8572900275,411281.7813
4139420590,1383826.25
9274200322,570172.25
1472700200,767557.5625
8820903380,452484
8563010130,809137.875
8965450110,849030.375
9274204230,537142.75
8165501700,258795.2656
2193340260,640668.4375
1860600290,1006845.063
1222000055,284683.625
2492200280,497663.2813
2488200455,404213.5938
809001520,887477.5625
1796361140,329081.125
6398000011,722788.5
6813600365,479611.5
7504100920,592682.125
8835770330,766717.1875
524059322,790060.1875
4307330280,378999.1875
1245002952,981215.25
2021069059,298114.6563
5700000595,725917.875
3629970930,599944
3336002215,342607.7813
5100401060,484701.25
3278600750,362612.7813
1126069045,850174.4375
7568700175,340114.4688
452001475,471675.0625
9283800230,768358.75
1737300130,481744.8125
6189600040,415131.7188
3679400025,614983.375
1096100010,262306.1563
9513900050,263045.5938
5452800645,1080409.75
273800100,357662.0625
7228500037,620919.625
808300090,401152.8438
2493200215,653606.125
5035300255,877610.25
3380900160,435889.3125
3630000130,363658.4375
7300400670,374167.3438
6798100070,292315.4375
8078400010,483641.125
5566100060,356116.9063
2768200212,596261.6875
4035900060,665408.5625
9460000110,297559.5313
7199320190,273925.0313
2225039081,1240199.125
9512200050,797145.625
2634500085,334184.7813
3654800200,303785.7188
2724079090,735381.0625
2597520720,843996.125
3034200426,465476.8438
984000130,412959.5313
7852020670,491096.125
7923500060,613119.4375
2310030510,470448.875
2205500540,536293.5
2493200015,504652.5313
7853361420,563892.5
5652600605,394156.4375
5285200020,483648.5313
9406530150,360714.7188
5706300020,606852.0625
3278602490,499936.25
7197000100,483767.5938
4447300008,897671.875
7899800045,253445.2344
9250900095,339414.2188
9268851740,632028.125
8682261440,615048.375
7284900385,623336.1875
8079040300,540084.8125
2225300585,276256.4375
3223039013,506144.0625
2013801350,211060.3281
4055701110,954475.4375
3578401770,517417.8438
4046500720,641959
6145601745,353941.6563
5207200195,608317.4375
1972201856,573621.8125
7212680080,319611.9688
7277100510,676885.8125
522079022,288797.5
5605000440,907476.625
6632300230,351387.6563
8815400165,671157.625
6708200320,856638.125
2426059076,475982.5938
3260200200,694762.75
2770601741,500457
4338800500,270437.5313
9201000320,678130
7655900038,314772.1875
3625059140,910552
4222310010,168215.3594
2114700115,268954.9063
3291800710,265085.6563
9406590010,523264.0625
3025059124,2012399.125
7972601250,250884.1719
930000470,933810.5
6690500060,591524.5
16000015,292377.0938
5693501102,744396.25
8079040490,320369.75
7225000155,276750.625
8819900170,741467.0625
7972601270,332194.2813
1224069074,562471.3125
5126900321,229125.2813
3438501860,276605.3125
2822069080,563364
1656600310,598475.8125
3856900507,612890.4375
1626069139,663784
2524049257,1038750.875
3904960150,620226
7214820610,416510.5625
7977201845,561020.4375
2428100080,840097.5
2202500135,636942.75
1523550220,570074.875
2313900610,388602.7188
4123840050,579299.625
2125059124,1081170
1225039067,623606.75
6431500283,486858.25
2473380010,521297.0313
5694501195,662900.25
2881700046,295152.9688
6837820330,303457.3438
2337300370,195585.1406
3876540630,305346.5938
626059317,817001.3125
3374500520,245160.8906
7228501903,621195.25
4019300051,611694.875
4232902615,1038609
3546000090,282217.0625
8127700215,842780.25
3438501100,387281.7188
1769600066,718636.9375
8146100610,718601
3052700695,527247
7954310210,845283.625
3761700053,2005390.875
1320069179,299315.7188
1331900410,935138.625
7303100210,460615.6563
2464400285,675907.0625
6163901150,445605.7188
8955800045,1779719.125
2314300200,414405.6875
9528104360,410153.3438
4177100005,681876.8125
8856960260,487042.7813
1828001220,561529.8125
3066400710,683244.75
624110610,1205211.25
4040800260,237272.4688
5019500215,738981.375
2481630180,1336977.25
7203170190,678794.25
510001280,756833.875
9430110120,612227.0625
1565950030,325205.5625
9828202255,683483.125
3878900270,592466.6875
8091600080,176104.1719
1112000035,621680.6875
2228900270,355651.2813
6648701740,286612.4375
1245003740,757366.125
2174503441,577721.625
7708250010,348468.3125
6072300110,409915.3125
2329800140,317866.375
1494300040,536121.8125
3832050130,335433.75
7203100730,871216.125
7199330170,326795.625
7785000220,849701.625
1250201175,474702.8438
4054500180,753123.875
7905200061,537019.875
3751604895,416958.8438
5220300140,344215.9063
3323059027,352617.5938
8651611980,839666.0625
8673400190,463831.2813
1668500100,863337.375
1023059365,484547.9063
3308030060,876857.0625
4232400860,1072169.5
2144800615,191494.2656
1568100920,1398806.375
9406510040,684358.375
2923049421,263904.0938
1051000040,955059.9375
2077700042,797210.625
9423800030,280408.3125
9818700455,690030.75
7133300675,541580.375
4113800550,852987.1875
5553300375,1182211.125
2025701530,282983.6563
7942601155,590842.375
7524300020,268466.6563
2520069100,282262.0625
5412300410,295728.9688
7504110760,809115.625
2594200350,463367.4375
2722059013,267700.875
8078430480,451759.9688
1423069162,479892.8125
8856001090,235528.7969
7000100631,718203.375
4222200280,169460.0469
7971300050,639753.25
2009001600,553411.75
6619910140,556386.625
2877100985,562767.1875
1196000007,401216.9688
1330850130,705666.0625
6664900410,272166.7188
1231001110,529859.625
9235900030,297706.3438
9407101840,461761.6875
9523103001,623160.75
2149800278,397394.0938
7234601198,957419.8125
9476700035,363306.0938
9297301065,440969.9688
518500700,1023902.063
7843500090,362305.8438
6056110780,495916.5625
2345700260,474015.0938
3509600070,242931.4063
1431700280,272315.9063
1623049174,264008.3125
3024089049,460292.3438
7853340450,525839.4375
7732410360,849026.625
1446800995,317113.8125
2946000285,295389.5938
425079100,619679.625
3876313040,495222.375
1762600260,703920.1875
1925069121,1235777.375
7443000480,662958.5
7820000015,487347
4027701253,590761.0625
2826049165,664402.125
5426300060,1346413.125
1278000210,229250.0313
923000270,674531.1875
7657600005,218095.5781
3024079057,315158.9375
3276180020,249578.3281
7304300760,336401.6875
3908100020,359717.5313
8835400805,950000.9375
4051150070,223096.8125
3904930530,596049.375
6163900971,455965.3125
7942600310,517257.5313
4365700330,359849.4063
423059207,286374.5313
3992700265,479373.5
7177300090,449384.25
2540820010,951320.75
5700002510,681628.1875
5201000030,691868.125
7631800015,820463
2922702965,655376.4375
1525059198,622125.5625
1245003160,833986.25
3810000455,618912.5
7855600080,737592.5
5701500030,1027698.25
7504020400,728650.875
1402600570,441818.9688
7575610760,314160.9063
8731990370,417783.5938
5021900090,743080.3125
290000075,771278.5625
2841500010,297017.8125
3955900830,253843.2656
7852110140,736740.5
1311400350,229866.9688
7773800015,750844.25
4123400320,646754.75
2725069157,744114.4375
666000143,613770.5
5101408678,398449.2813
6371000026,445613.8438
2024059084,982565.9375
7283900036,347886.4063
8881900230,681144.0625
3959400135,557696.8125
7696610270,183030.5938
1689400150,1024160.25
5103900015,333169.4688
1441000350,401188.5938
5101408735,391619.2188
3126059027,1837309.375
2320069014,385501.2813
9541600015,722932.4375
8682320420,770845.125
1562200090,528596.5
3395070980,448827.9688
7349600230,238235.3906
522049122,281785.2813
869700060,706427.75
811000055,778477.3125
1221059176,379943.875
1523059103,354117.0313
2025760210,1039864.375
9218400088,534878.6875
8682292020,346632.4063
2623089135,846070.6875
3758900259,1012350.625
524069049,641545.875
3121500150,688594.75
5581400080,994232.375
8087800020,418354.5938
4070700290,874517.5
3296000170,1023975.75
9238500040,631165
2744600040,255419.5469
6813600380,491094.9063
6140100150,320339.9063
2201500555,455050.1563
2600110250,688586.125
4337000275,200959.3594
1186000150,830144.25
1972201963,541148.375
1105000745,281097.5938
2887700560,586991.4375
4039700080,958373.3125
522049104,197220.5625
4202400078,308462.9688
7520000695,223923.75
7714000310,420573.9375
4319200060,739043.875
8624700015,567586.1875
5104520610,421440.9688
2354300845,547128.125
3824100291,821400.375
6151800612,520572.9375
5454200080,657445.5
6413600290,285077.3125
2131200065,319649.6563
1459920010,347441.3438
50300090,523997.9688
2326300090,827065.125
7714000070,422802.4375
3630180500,767135.25
1727850340,1008917
8691430330,1183562.125
2310030390,179908.4219
5561400610,670886.5
7010701016,681879.5
7883605915,323330.9063
1282300995,443224.5938
4040700310,448475.125
3353400435,207587.5781
2143701015,237345.9219
255450020,393425.3438
1020069017,358735.4688
4038200120,365171.4688
9284801100,394341.7188
1965200075,803000.375
847100047,589888.1875
4038700720,495837.4688
6815100085,614487.125
2508000020,344547.1563
255520180,732678.5
6822100750,773642
869700050,649592.5
1775801405,486784.5313
6600400090,253053.9375
7202330270,384851.4688
1683400165,491688.8438
2625069070,1049691.25
7625702440,464567.3438
3388000640,180891.4531
1899400365,271663.5938
6899990200,694216.625
5569700020,774820
986000045,403126.4688
3293700221,327384.2188
3764800250,278630.4688
2291400566,256466.7969
4219401236,1210881
4239400840,176119.1406
7211400990,228518.5938
7696500280,215634.375
7215721070,635286.5
3204850140,262137.2344
4322200220,626486.5625
2566300100,1177399.125
1944900090,514507.9688
6648500390,297589.4688
7385300020,483472.4688
1704900135,527709.4375
2877100655,818758.25
2726079098,427252.6875
7625703800,442942.7188
318300040,873790.1875
7922800190,928597.875
2023049361,238006.1406
8946400210,561842.375
6071600450,380185.5313
4343800100,322171.2188
1443300140,464464.6563
1024039001,560200
2767704860,603511.125
7234600851,742237.625
644200065,865577.625
7784400035,754767
3826000560,172729.2969
9272202260,829669.875
263000253,326433.0625
3621059043,500969.0938
240000130,513781.0313
1352300120,316750.2813
7849200861,511138.2813
2487700130,624521.75
1796100140,424539.375
7234601221,1069015.625
8651710190,304823.1875
2916200091,357111.4063
1232000915,482514.6563
1545801970,439641.0313
3211200420,237869.1094
7686204675,191778.6719
3141600210,232377.7344
3959401284,472773.2813
2113700825,248288
3876000710,305242.4688
522069022,385189.7188
3214200070,504809.1563
1221039156,370584.1563
259600790,678007.5
785000040,579250.625
8138870470,504634.8438
2596300035,249803.4844
540100057,814989.125
3073500045,283386.0938
5363200266,385193.0625
8682261650,624691.375
3224510080,644567.25
3211270160,435094.9688
9269200520,402252.7813
293810190,465477.625
4197400043,377918.5938
3026079031,459520.1875
5332200405,1013219.438
2473411210,349214.7188
9268200315,375995.2188
8123500050,695411
3221069091,423156.8438
2485000165,834132.375
4058800215,405212.9063
1926059039,608646.3125
2533300680,908537.5
3343903640,285543.3438
5700003705,1083952.5
2023049372,281672.375
4058800830,482647.1563
3333002302,348308.4063
2944500340,226259.5781
1982200790,413878.5625
8929000270,566251
8122101440,329435.4688
7525530470,1029396.938
9332800020,597765.125
3878900525,475739.7813
5420300210,210032.7656
9232900165,352935.1875
6414100026,481848.5
3013300660,739700.125
7954300120,556121.5
1081200360,434024.4688
2877102345,690390.25
2202500255,601486
7984400050,194183.2656
9558020380,498795.4063
7812801850,270986.7813
8944460020,371787.7188
2306400040,642543.125
8649400410,292133.4375
7889602020,212759.6719
2041000025,608340.875
871001484,869245.3125
2767602141,658851.5
3630180470,806412.3125
2769602140,463543.1563
2473250280,230820.0313
5422560660,458582.6875
3756600240,556337.375
8651600160,607695.625
7202300540,759497.25
8961950250,539868.875
3303000130,349561.0625
798000062,203432.9219
1695900150,864576.5
1604730150,436969.4375
4136930310,505316.3438
8835401250,1036239.813
8665900328,508992.3438
9262800255,239473.5156
1853080570,793561.375
5556300114,779023.0625
9517200290,488827.3438
4037200295,712473.375
7417100123,443612.5313
2620069077,280503.1563
7922720040,531029.75
558100090,594650
257000037,268059.2813
3319500385,449358.9375
9297301520,465852.3438
3580900090,355600.0313
1321039076,167353.5781
7227801581,242787.9531
9407001620,488105.25
2130400150,506552.3438
2312400200,539979.25
4046700210,638375.875
1193000480,970053
1492800296,508464.4063
3013300017,553289.1875
3630240140,546052.3125
1049010390,451901.8438
9320900420,198540
4315700060,356057.7188
2591010290,431615.0938
323089085,593511.875
6600400270,371164.8438
2919701105,418040.0313
7202360670,969824
8927600100,759753
3211700045,814333
4027701326,763287.8125
1601600195,285725.0313
7853280350,791248.8125
3629970130,897104.5625
7203120020,768158.3125
9542900190,362714.5
8035350120,835094.375
1238501184,931721.625
251200240,583824.25
8945300200,257886.25
2162000160,698845.25
5466310060,357335.9688
1239400064,433472.3125
5205000020,259395.3906
1720800305,859865.5625
7280300375,939024.875
2095800400,512248.7188
7852010950,672643.5
1428001160,558252.125
9528104910,615489.375
8644210470,1108927
7923300310,491356.5625
254000100,305417.125
1931300688,675305.5
7007700030,546913.5
422049178,348108.3125
422069067,417277.3125
2923049393,265920.125
930000305,521900.2188
2461900448,389718.4063
2610100020,342332.0938
2895550050,251940.1094
7701700040,478583
2460900020,457515.5313
9827700105,624170.5
1005000240,515690.9688
7200001254,633377.375
866400040,339161.1563
305000170,780576.5625
2260800110,620562.25
3442000127,403612.2813
5253300437,478366.4063
7576700150,1122678.5
5469501410,970999.0625
5104531120,878547.875
723049434,153096.8906
622069006,562216.8125
2517101200,295948.2813
8159620160,468011.4375
5561300640,675157.125
3317010130,390229.75
4364200250,405162.4375
8732300060,783110
5603700025,817984.875
3585900190,1145505.125
3996900575,229865.625
8731801260,322722.7188
3810000860,244803.5156
5700003585,1270737
6332000050,447724.1563
9286100250,523977.9688
9471201110,993107.5625
9290800050,455338.1563
7300200400,779729.375
526069024,1048649.875
1454600156,1282653.375
3904980360,671033
2626119062,201223.5625
8651730290,461588.3438
7611200195,768581.875
1919800260,462317.625
6632900354,433821.0313
3972900195,223132.2969
5151600170,226610.9688
7016000440,451359.9375
871000435,691879.3125
9578060540,404489.5938
2332700060,976995.125
766000240,432104.0313
4363700200,239153.2031
7100000250,477066.7813
2781250560,271786.5313
2781250100,315527.125
5419800220,294034.875
7147600245,432031.0938
2926069083,666279.0625
6189200125,723577.75
9542830160,258526.1406
5152200020,403697.5313
9412900045,535804.25
6600410480,225096.6406
6979970080,495713.2188
5636010280,279185.3125
1732801300,909980
5561401530,610143.875
9578500510,257348.8594
7304300906,224830.7656
1223089077,497147.875
721049207,500808.25
8691330310,856114.875
1523069204,712323.875
3188100105,442421.3438
6608500290,632517
2891400410,371477.5938
7663700551,347274.1875
5413200140,231154.8906
425069139,950573.125
6713700155,362303.5313
2767603505,449370.4688
7789000080,178769.8438
9211500620,261703.8594
3750604417,335589.5938
7922800320,657302.9375
1471620240,495885.2188
2222059052,470651.7188
9551200270,651750.125
2767603160,493025.8125
9406710060,482668.2188
8929000250,725194.25
5538300120,568633.625
2223069120,703624.625
1652500060,977779.75
8564500240,246312.9219
3629700120,489622.2188
3943600070,381031.4688
4171200025,310910.1563
2425049063,1534367.125
9828701650,671216.6875
3581000340,253017.8281
8100900015,345440.2813
2125059161,858970.875
304000380,266939.875
8146200070,778574.6875
686530170,409275.9375
2917200645,267660.4688
9547200530,602722.5625
2122059199,336949.4688
1150000740,698574.5
5706200060,501693.0938
9265410010,166359.6875
4083800555,745294
6152900332,678908.625
2520900301,276909.8125
9828200790,696492.375
1657530180,333822.3125
7471900045,233648.8281
9828200460,802629.875
1775900140,553503.75
6139800430,547880.875
7214400005,620961.75
5332200026,892484.5
9510970300,768268.375
2540830020,257664.0938
3392100140,258005.3594
1326069191,416662.7188
2125059112,884810.5
859000022,376480.0938
8854100350,781269.9375
121059007,541376.8125
7977201707,520067.875
3859900060,1266773.5
8815400735,805246.0625
705700530,590910.875
6600780130,437154.2188
6378500105,345554.3438
8143000310,305641.0313
2877102330,732749.125
3526039074,760240.125
2115510300,242805.1563
3024059014,2285241.5
2141330360,414594.5313
546000400,450082.9063
2071500011,406044.0938
7972000240,175261.1406
7016200460,345518.7188
6204200180,469567.8438
1552100135,1171447.75
88000173,239278.9844
2581900235,743601.625
9211500560,187810.8594
621069218,484909
1321970240,394555.0313
798000630,222141.4219
421000285,197551.4219
2824600180,806153.25
3832051140,249226.5469
1237500105,779705.3125
8802400906,406236.3438
3166900270,588190.625
3682000060,197367.6719
5469700020,653514.75
1245001820,748841.6875
9547205660,599487.125
7974700122,644576.625
7550801225,493817.0938
1099950050,877329.25
1402900460,408629.1875
7636800041,548172.75
2115720270,434634.5
8651441750,283086.5313
3904100035,531045.4375
8815400020,1012488.625
3303860590,538367.625
5427110040,960882.75
1782000160,510739.6875
6204420290,467265.8438
3995700245,235500.375
7955040130,500450.9063
1442880650,681498.375
8833510230,738692.375
7283900551,368252.125
4396000180,354707.4063
7504021310,769653.0625
322059264,409982.7188
3654800040,340192.5938
2767704777,411867.9063
3278602190,322708.9063
3236500220,519243.2813
3410600100,537776.375
629410180,838800.25
3352402250,259352.0156
4363700304,431291.3125
7237550130,1179273.125
9808590210,1087637.375
8074200175,428761.0938
3463400330,532589.5625
6306400140,678502.375
8564950250,735123.625
5381000070,218389.3906
9826700697,625480.125
8132700190,536973.1875
7943000020,324567.125
9547204675,793268.375
4112100101,612725
727500030,818117.125
114101426,522538.0625
9274202005,642908.6875
1193000380,1038919.625
3039000020,569774.875
7852170130,687646.1875
2624079010,574616.25
4137010540,379908.6875
7576200012,923440.625
1138020020,426679.7188
3969300030,208696.7969
898000200,245253.2656
5153100030,217711.9531
5104532030,473539.375
4406000050,351488.1563
9274203390,732888.375
8682290360,689742.4375
6928600330,326337
4139680070,676126.125
6844702690,522302.9688
2154970020,1028604.5
4385701285,754971.375
2426059071,581058.25
2867300160,446980.0313
9512500720,447768.4375
1773101020,417569.5938
8687800100,273010.9063
3627800050,922277.25
1604600227,452824.5313
3300701170,470808.7188
9250900111,404354.3438
7015200790,804592
1311100490,198685.125
2469000010,500010.4375
1982201596,513846.4688
1862700290,331378.5313
2586800270,231215.1406
9528102772,715188.375
5490210200,262122.1719
6669080020,453965.875
179003055,256874.6719
1860600535,879104.125
1592000130,561133
3905040170,740014.9375
9320500080,275289.4063
9276200850,612985.6875
224069114,1041040.25
2260000340,588273.125
5096300130,560860.625
3432500215,297468.0313
2600000050,920024.6875
8856003839,236157
2492200435,351051.8125
7855900110,1084978.125
6806100250,280851.7188
2770603523,638604.375
1370800515,1166915.875
2726049150,622573.6875
1226059161,593055.375
1068000375,1136885.75
9528104109,559990.5
5126310060,371065.75
1951820070,404148.5938
1545805980,677851.875
9464700340,1268147.125
4319200675,283067.1563
7518500885,621707.8125
7852020620,732548.375
869700370,542718.3125
8643000190,187187.2813
8902000267,430107.8438
7972602435,303516.875
2050100210,1147244.375
6705120540,756774
2767601390,623741.3125
4141000490,616493.125
9345400350,707583.625
3222079162,545140
7789000120,140092.4375
6646200770,854569
6666800180,357722.9063
1725800280,364675.4375
6117500460,1093455.625
5470100220,333279.75
5457300478,647495.75
7550800195,671680.125
7787050180,666949
6204430250,378365.875
7640400250,815608
624110920,986609.4375
3629920140,451616.8438
7173700518,470606.6563
3210200395,325254.8438
2473480560,424435.0313
2623089141,453079.1563
1423800080,182561.5781
2076400050,310536.125
3832060120,288010.3438
7702600930,496386.25
5101404555,459366.3125
3723800415,479533.9375
3356403400,414625.5938
9214400125,543052.125
1797500530,735484.75
9551201660,711490.8125
3878900815,669330.375
1760650280,417096.5313
5466410030,346186.4688
6388930620,638335
2331300395,766739.25
9412700160,339839.5313
871001611,641538.625
3142600120,560488.625
3995700220,250201.7188
2310000280,318142.6563
8039900400,460002.9063
7504021510,811876.25
1959700445,936563.625
1556200155,756562.375
3629960590,419159.0313
259000240,613114.875
662440020,437178.4063
3123049142,760019
321100260,844257.625
6840701095,444048.4688
3738900165,471646.2813
4427100130,367908.7813
9238500100,695007.1875
6145601810,281329.3125
2570300090,419433.75
4017600010,837645.5
1005000220,620759.25
1257202120,731351
9527000490,424047.0938
8691400080,683929.125
1726069084,518104.5
248000240,495422.875
6113400046,557611.5
2130702350,300829.875
920069052,356745.1563
6071300160,513510.0938
1623049041,199666.6563
9268200285,572089.375
1843100520,466778.1563
2887700826,405378.9375
9122000385,689406.375
9475700220,359994.7813
2804600005,827750.6875
2896400300,382526.3125
5015000180,761833
3630220180,816440
8832900780,740889.25
1568100300,333752.8438
8718500610,565676.625
4147200140,691492.5
1973700030,876043.5
8862000075,210971.7031
9320990110,229237.1719
1151100035,606877.5
2011000010,153126.5
1651500060,1255541.625
446000190,689187.375
2344300220,825296.125
523049195,339027.4375
9191200015,632853
7942601410,649380.25
7137800300,293973
7853300280,444373.3438
6654700240,467572.2188
569000050,492713.3438
3584000180,205380.1719
2026079055,452896.9063
8898700880,400868.1875
5075400150,630313.125
8731981360,334642.0313
4222500020,235841.2344
7996720050,343320.7188
4077800094,699948.8125
6446200365,584286.625
2824089053,793180.875
1311800220,212244.7969
3522049063,703088.75
1721801280,196525.4219
6131600240,215381.125
7202310040,584833.9375
1123059125,408222.7813
646910160,267237.9688
5630500005,458017.6563
3342100785,504554.2188
9547205610,634004.5
1773100123,276474.9688
3353400092,268683.4688
217500015,625345
3649100031,417568.9063
7896300150,318796.0313
623049185,213393.8281
1773100430,303264.2188
1781500220,424888.6563
3395380200,282699.7188
2424059170,955216.5625
4389200765,1345176.875
1543000060,388861.7813
6154900005,513718.5625
2902200240,564347
1442880640,769444.375
8562770490,501344.625
2768300655,536088.75
3432501315,219362.3906
5035300570,992122.8125
3626039028,313615.4375
3876540780,297550.375
327000100,726090.75
7551300065,546347.4375
1312920060,265313.6563
2215901230,476961.5313
6306800010,622917.75
2767700022,617182.9375
5589900610,324901.2188
4320200020,548677.75
5249804655,730768.5
9238500480,725183.1875
3885806565,831882.125
7905200205,433659.9688
5727500102,363949.4688
3585220070,334351.5313
2078500210,589637.5625
1839920050,575069.625
534000080,384384.7813
856000255,1200056.625
4141010110,1163260.625
9558040820,847053.5
7768700315,1084856.75
2796100640,256448.8281
1922059010,177398.6094
3448000542,232136.9844
3883100220,296054.3438
7237301210,340587.4688
3893100456,809674.5
9578501110,355465.3438
6145601995,283619.6563
4024100120,447940.125
8899000050,264600.3125
3396820010,560974.5
6749700117,283904.5625
1954400060,568985.75
3303970100,646449.6875
2540850070,664746.1875
3797000745,657163.625
7883603700,252537.5781
3438501452,281129.2813
3530210260,955310.125
3598600049,171136.75
731500170,353955.7188
7129304375,207448.25
263000006,391418.5313
7212660560,515520.0313
1112700010,231331.8125
3420069060,385736.1875
2473000470,690032
8691390980,756319.125
6184700100,442470.4063
4476400275,350411.625
2968801240,358077.6563
1529300160,590879.5
7640400070,772209.125
7016100380,301189.5938
2172000890,315351.3438
4035900015,1032520.25
9528104660,858764.625
507100005,229309.5156
2783100160,260353.3281
3629921140,927786
1099750610,217648.6406
1330300451,1137794.75
2757000030,751161.5
2114700190,333122.0938
2050000020,1506603.375
3832500790,201455.0156
2612000390,268655.625
1483300430,573041.625
8899200720,331401.6563
9183700470,653314.625
3530490031,196818.5156
7857001225,254514.3906
7920100083,358045.0938
2254501620,561977.3125
3303000130,349561.0625
3876200070,357844.5938
369000365,613968.1875
3052700385,458876.4063
7856550240,926272.875
7300410110,553040.4375
7201800300,357977.8438
1695900060,727910.9375
9429500146,655632.875
3629910240,727120.125
8805400090,251122.1719
1022069050,587661.125
1138010530,317333.0625
7877400266,509620.4375
7974200452,746274.125
2126049265,739628.1875
9547204350,708829.875
5560000680,173704.0938
3793500550,410644.9063
4217401195,1315996.125
1826049408,314427.8438
3905100210,638826.8125
7695370160,812465.75
3210400060,238332.2813
6146600170,210728.5781
2767601750,534150.75
1773100926,335618.8438
5700002125,549907.125
1951100100,157815.2344
1402200340,458049.7188
8044200200,795158.75
66000070,592495
5083100065,302903.0625
4027701284,379391.2813
5693501100,744389.125
3600072,658401.125
8078550250,224547.2969
1922059046,676412.125
2902200016,720381.25
9183700845,287834.7188
3333001997,499031.125
1432400525,193569.1094
2824059128,428480.75
6453550090,1027351.125
6202600070,612843.375
7524100280,172694.4531
3524039224,585187.875
5739601300,901908.5
2473000410,775509.3125
421059018,535949.25
4232901120,778362.25
5559600140,280722.9063
3797310150,245362.2969
7986400265,695922.6875
3025300095,1503758.625
7524950830,704655.875
9407100730,424713.9688
3812400854,229832.6406
6002400030,201523.8594
2212200090,300366.3438
7202330610,545724.375
7300400170,418939.9688
8965000110,767879.1875
3996900125,325680.7188
2221000100,325434.5
1524079088,372758.1875
1133000036,483074.5938
1868901190,570377.875
4037200530,524482.8125
2095500120,424048.4063
1995200338,372287.9688
8820902350,942636.3125
7459810210,331959.1563
9536600010,1334030.625
8085400586,989572.375
7518503065,587550.9375
8682320350,638521
3179100790,819598.8125
9828702666,509359.4063
6713700250,441432
2141330700,484087.25
7519001990,454157.9688
3223069019,426140.0313
7994700030,623068.5625
2592300450,383670.0938
2792000010,451740.2188
173000025,371578.3125
7203150330,681684.5625
3305100210,761766.75
2581300055,735390.375
6613000750,1366825.875
7015200685,804968.1875
1323089184,410710.1875
3793500510,385136.5938
2225079030,330967.5
3578400710,535750.25
8100000090,337238.6875
2095500040,320954.0313
8682281710,739551.0625
6163901380,236519.75
6918720080,485093.375
6914700130,368805.6563
1205000215,643292.4375
3800008,427202.0938
6150200180,354810.5938
1223089066,790259.3125
7768800290,810215.125
9285800330,660627.75
1974300020,386076.4063
7628700050,733664.5
9376301800,674817.5625
8651430220,193167.5156
629810350,713022.25
5016002180,911833.25
9558010230,501275.0313
8732000390,261056.7031
7899800586,327564.1875
5249802460,771591.875
1446300020,556621.375
7785380150,547440.625
1245500950,1452858.5
3362400640,663026
7578200310,609867.5625
4137020910,353989.1875
11520640,705243.1875
7972601995,363590.0625
8122100160,286692.7188
9456200450,383464.2188
1328320760,333048.6563
4025300285,312653.6875
2721600125,830744.25
1123049027,173538.9531
3542300060,310425.1563
291310340,464039.3125
8651720420,536079.8125
3298200790,464937.7813
4037200585,605016.625
1329000090,1134577.625
9279700013,996400.8125
4151800265,769314.4375
7760400210,229829.3125
5029450110,193183.3906
9492500160,812196
3578400270,804244.25
7606200090,360979.2188
3682000050,172494.7969
1250200415,427738.5
629811600,718801.625
1839500115,274382.1563
1176001293,2021157.75
3013300409,464014.0313
7853280370,811366.6875
3275780030,1102644.375
3336001946,316924.7813
5456000110,606711.8125
2473250400,284437.875
5393601635,414131.3125
8820902905,375056.0313
1245001659,564420.1875
1523069215,607446.875
930000234,334281.9688
4083301645,895552.75
4055700778,612160.375
2781230080,385544.625
3629910210,610705.3125
7856700060,312456.875
7589700055,610195.25
3888100043,468395.9063
6381501636,444007.4688
3303951150,615795.125
8638500170,344833.5938
5635100050,243113.7969
8820901792,792285.5
5456000025,736710.375
985001275,159722.4531
9560500105,929120.8125
1421069117,253838.2031
4154300296,276723.8438
795000620,127715.3594
9828702335,648306.0625
1250202145,1006337.75
1163400070,250480.6406
5652600065,456703.7188
1042700050,749511.625
8899210320,278073.625
1651800030,1152970.625
2919201365,558009.25
4365200895,242529.0156
6841700100,783084.3125
7376300060,552564.625
7852090180,498276.6563
9222400565,632796.75
9542400075,777629.125
7338000150,331987.2188
4322500110,446908.4688
7694200070,330259.8438
9321010130,344310.875
3204300455,826303.125
6706000040,201596.7031
1565930130,471312.9375
3279000420,212935.1094
194000575,556558.625
2115510160,396862.7188
7522500005,635812.375
3787000140,496700.0938
7852110690,735435.5
5469700260,422845.6563
8691410730,712547.75
114100763,556640.875
1257202430,959655.5625
7000100635,1104469.625
1900000195,252627.5469
251500330,1479935.625
7701960210,843487.6875
4037000065,455016.5938
522059299,350380.2188
6072300800,518592.7813
6821102358,648457.25
5029450200,209168.9844
8860310240,686738.5625
826000295,370371.6563
9417400110,385897.7188
3959400345,574322.875
8899000430,299757.3438
7527200030,462367.7188
8562720410,1368520
1432400335,150326.5781
6699940320,307078
2525059172,895974.625
7548301044,423688.6563
2141300420,748152.125
5100401414,485356.9063
7346600092,333217.8438
6852700478,580763.625
87000213,472804.4688
5416500260,472361.8438
322059097,398796.9688
7229900005,627097.8125
7116000350,153322.2031
3739500096,407965.2188
6744700900,1602500.25
1959700550,1048854.5
5589300435,514442.3438
1775920350,626682.3125
3750607974,341434.0938
5318100935,1126544.125
1442700430,606840
9346700030,815378.25
1841500050,695234.125
7278100665,589901
8635750980,568877.75
6909700340,564500
7011201475,532405.625
9348500220,539446.375
3876313170,462653.1563
2195700050,627819.875
3760100200,409890.8125
3396800120,679460.125
3750603685,257684.1563
9828702310,643953.125
8656300380,306818.3438
1438000170,542714.5
2423069164,371518.0313
2112700845,318924.9375
7635801370,761019.875
8572900135,357996.4063
7504010590,781860.8125
6821100125,691152
4310702775,343787.4688
2591010180,436894.0938
9828700235,624290.125
9376301180,590989.1875
1646502355,565723
1498301672,445082.0938
7715600070,442820.5938
7283900045,396411.0938
522069119,551409.25
5200100125,593709.5
826069184,677474.8125
3271300155,869954
4444800045,534129.5
8682291050,925042.3125
2770605420,713164
1556200205,760506.75
269000970,958673.9375
9264900880,301202.625
2323059074,314644.7188
1224059053,1230163.5
3755500065,369972.7813
2571900430,313653.6875
3705000070,427926.875
824069173,669155.1875
1735800050,231997
3025059089,1055463.125
6132600655,659882.125
1068000255,1173845.375
3052700921,652330.875
3024089057,747644.75
7390400026,319025.4063
1787600224,388218.4063
2923049372,460928.7813
7015201015,835834.3125
7701990040,791914.8125
1925059194,1398286.375
301401370,251487.8906
1931300955,472471
2395710070,444693.8125
2591820070,480627.75
7883604065,370528.8438
808300200,574938.125
1421069159,443093.9375
8562780540,437068.5313
2787720300,376775.5313
2349300069,232633.5156
739000035,270904.2813
2397101460,740593.5
7625702437,379813.9063
5101406441,452629.5313
3323500010,1152137.5
225039082,608119.125
8078100260,297014.4375
4139480200,1502546.75
7436300160,627074.5
822039004,602300.8125
8651442910,283049.8438
1370803510,963131.875
3342100569,713261.25
1310430400,724584.875
104540820,188776.8594
4305500030,390660.875
993000090,545163.6875
8044050040,451943.25
5707500050,871663.375
6306800080,512680.0938
9206700190,638841.875
8732040090,389714.1875
3037200045,580364.625
438000025,630056.9375
239000115,1029385.75
8929000230,732340.5625
7135520610,1183610.625
5561300340,592003.75
9530100085,825816.1875
6613000140,1120186.875
8835210130,302121.8438
3782400190,703487.5
379000051,450983.7188
3869900150,283233.0313
4322200050,404741.1563
8961980290,678595.25
2558670110,420093.6875
1124000010,531778.5
3869900138,456271.5313
7853300720,390327.2813
251300110,258079.0313
3904100041,534848.875
7701990300,1001959.313
8682231190,581650.5
7888200240,196118.2031
2025700730,258701
3066410800,655566.25
7576200040,1124277
2526069095,770913.75
2781270530,327134
3763300005,488367.9063
1523049083,310104.0938
923049468,170267.0313
3303700221,676418.125
1502400140,261832.9844
2880100160,598414.0625
4083304535,1017584.25
8820902549,541254.25
4139400060,891625.75
1222069094,411827.5
9367200205,824429.375
2734100736,246598.0469
3856904580,604602.875
3812400789,324617.9063
3303980090,829660
1314300018,379732.9375
9522400350,373844.9688
7524350080,208095.8281
9406520260,425563.5625
3278602040,342347.5313
7696620100,229914.375
3751600635,551269.125
6365900065,547497.125
8732800100,226247.375
3876540410,282503.125
7349660050,345335.7813
1036700220,660424
5417600200,280625.9688
8732020310,318984.5313
6844703240,707145.875
923059206,234948.8906
4038700220,662484.875
2597520900,1104821.375
7203230040,663556
8820903560,520748.6875
424069112,861557
6056100102,546568.5
1823069155,459402.5938
9412400220,1777194.625
6851700381,677389.8125
13001215,288805.9688
3630180340,888236.0625
6746701090,1091339.125
3832050760,245592.4531
369000690,659901.9375
6071900130,557127.5
7266200085,610535.75
1473120390,570650.125
9523100458,655356.6875
4345000510,203926.5469
6600220090,391492.2188
8079040320,495887.0938
1357900060,520946.3438
3996900295,230731.5156
1442700250,362401.9063
5021900175,451240.4063
4365700130,276700.9375
3876100320,492644.0313
2124069103,595365
6700400140,301072.0938
7852090810,593528.875
1454600038,863694.125
4137000250,478865.0938
9826700726,712007.875
6716700325,479689.5313
8562750300,638177.8125
9315600050,1020506.75
2790410250,721118.625
7732410130,967781.625
1387301730,388983.9063
1568100220,324244.375
3975400085,871863.3125
339600110,406858.6563
7888400500,209386.9688
1842390130,534987.5
7595700025,455005.6563
2158900140,964493
6151800070,822954.125
9294300515,1134658.125
1250202660,1070294
9106000005,701921.875
5035300085,767367.125
8898700440,410889.3438
723049197,257655.5156
2019200220,213617.7031
2926049408,765564.0625
4233600190,842686.3125
9268851860,416712.8125
5458800620,572575.8125
424069096,764925.375
8150100265,441874.9375
2742100085,349757.2813
8045600130,650228.375
8039900086,622374.25
4131500190,386915.8438
1370802650,1011582.313
821049149,306835.8125
5104520460,602977.4375
5466750140,300134.6563
1703900155,221650.8438
8658303065,182431.4219
3298720030,218995.3281
1839900080,421274.75
1561600025,767312.9375
6064800410,279833.9063
621069102,232370.9844
7853360620,463574.25
9385200045,589922.5
7214770020,570356.875
5412300100,243542.8438
2025701360,271208.5313
7334602070,387298.4688
8029200190,255485.8125
2622049052,795642
3126049261,441161.3125
4443800705,526233.125
2473420100,335605.375
7922710520,548260.4375
3336001911,475437.3438
3797000300,503687.5938
5406500480,828158.25
6706600090,316341.5313
1518000230,396374.4063
1250202990,957343.1875
6441800060,870366.375
2141500070,378237.8438
9407101900,248891.0469
5451300117,1207781
326069132,643155
7153400100,440824.0938
3083000910,603885.875
3021059304,178033.4063
2597530650,1097033.25
3972900215,371572.125
2473420070,325499.5
6115400008,709916
8682220230,762281.25
642150080,559511.125
3775300030,306591.7188
5418200340,653635.75
2424059119,764328.75
7899800476,254521.6875
8598200070,382861.0313
2421059125,331482.2188
9528102771,717810.125
7522500020,710483.875
7202340720,616244.75
3286800260,755178.3125
1121059105,769700.6875
7504030220,669410.875
4045100190,1391800.625
9406530090,476725.6563
7138000260,274920.0313
2600010390,548635.25
2917200365,464185.75
2191600780,456020.9063
7784000180,522391.7188
6149700194,303645.7188
8082400136,830706
7202340930,633185.375
1972200556,706339.5
2767604170,637928.5
3271301175,669661.5
3223059303,536824.25
7598100735,806112.625
3348401490,331573.625
1545803390,297598.6875
2296700050,249774.2813
3626500045,853797.875
1596600060,595047.25
3616600250,1030026.063
8078560140,264873.0625
1796360350,201738.1406
2770601763,371487.875
3223069118,486401.0313
2473372040,266711.1563
3575302759,387118.7813
5706200170,646387.125
1774000030,575617
2224700136,245607.7031
1250200418,525261.625
5416500840,354545.0938
7335400345,209212.0625
3776300010,903697.75
8857320130,576291
424069206,938641.3125
3592500985,770033.625
9828701295,803791.6875
2621750340,349194.8438
7334401000,372242.2188
3286800110,486448.25
1722069097,515077.875
3574770030,369405.625
1336300610,1484190.375
7230900100,439621.0313
6141100320,255902.5781
2767602356,619216.75
476000017,504473.0313
2558600100,419534.2813
3500100015,341479.4063
4074300150,315514.0938
8907500070,2928804.5
4388000260,300907.1875
2475900850,288763.0313
7852010900,532652.375
318500300,784203.5
9200000050,203247.8281
1026069106,660251.9375
205000120,774382
2616800600,963156.25
921049141,1145178.25
2023069059,723065.75
7229900145,248142.4531
4376800010,760261.125
4389201095,1352609.625
826069127,574353.375
2310000250,270275.5625
4058801225,282647.0938
6600220550,584190.875
3585300194,1158794.625
2594200375,547725.0625
1102000514,560564.9375
1862400471,440709.7813
6928000440,368868
9578060470,450575.8125
8732020670,360190.0938
1823069088,306852.875
8712100350,888384.375
3420069055,341642.4063
4229900140,554714.625
8682280490,622140.6875
3830630310,447614.2813
5100400251,558986.4375
1737100830,457714.4063
1630700276,348294.2188
6326000205,454929.875
3426049284,1423892.625
3814900260,342820.1875
7403200050,1435806.625
1725059252,662523.1875
8899200570,329442.4688
4137000700,501108.5938
1115300270,486439.9375
3904920380,700594.875
2695600195,363952.2188
9542100135,1011134.563
1552510160,612669.25
1823059241,545759.375
2193320450,548620.75
1122069006,404648.9063
7853340330,527050.125
1954420380,464320.1563
7299600530,518154.4063
1760650670,262035.9063
6819100080,686442.3125
2767704649,449331.4063
2424059035,642301.375
1566100400,645171.3125
5255690060,479787.5938
8860500130,323441.25
7349650120,243100.7344
3291800670,405179.5313
3764650010,501865.4688
5416500950,387200.125
7973202712,216088.375
3291800120,208016.6094
9211500620,261703.8594
8643200020,342707.5313
9197100101,278797.1875
3531900060,409428.8438
8842400071,273260.1875
6844701680,484824.8438
6413600285,290002.8438
5196410260,954278.375
824069121,842058.25
3876313120,558085.875
269000030,1400479.375
1560930070,1582654.375
4435000705,219682.7031
9542400025,745451.8125
2470200020,1358221.375
7519000580,489428.0938
1226059101,785418.375
4449800063,750414.1875
2815600305,519009.5
3821200050,380394.4688
2644900110,391972.0938
8058500005,429512.7188
1099760230,228970.8281
1954430180,387566.2813
7853360480,608756.5
7229100040,174384.0938
1432400120,191057.9531
1898200080,454101.1875
4054520100,995511.875
2568200140,787660.5
587550010,937293.375
4154303215,658628.375
6358900070,680467.125
3277801640,296297.0938
6209000165,252207.7344
6143000020,440494.5625
2591780180,460431.6875
5412400170,319268.9063
5466350120,359181.4688
2877104196,1072216.625
3222059007,504295.1563
7957600025,222369.3281
2698200210,271507.9688
3764500230,775609.9375
414100630,337696.5313
8029740060,560596.5
1426049054,604881.125
546001060,650622.125
3277801417,307997.5313
3630120970,742433.25
2326059080,1220579.625
3278612370,410257.5938
4024700100,351537.25
7697870860,296310.9688
8562900240,823388
4059400585,265616.0625
5703000050,600542
7701990560,909393.3125
1760650610,292673
5408100035,606907
1370800560,1396390.875
2880100240,614179.375
3630060150,381199.5
6071700020,584909.125
2473002500,498037.0938
2768300650,534971.9375
3523089019,728123.9375
2787250190,725292.125
9477940440,622761.75
8732030440,427984.1563
236500050,263188.7813
993000100,505281.2188
5466700360,234583.875
7203220300,897164.875
8682292180,413370.0313
5209200010,611056.375
7853360990,497924.5938
8663310010,574552.5
2313900165,484474.9375
6114600030,616907.875
3303990030,1088320.75
6679000960,488824.6875
8161000230,596995.25
9510860060,642632.25
1223089083,392591.375
2721049059,593833.3125
2523039278,243600.75
9826700707,594526.4375
2159900120,581856
2767600635,419361.9063
3812400455,346611.5313
7852030960,540132.6875
319500080,650085.25
1061500360,407290.375
1787600209,291912.9063
7888700030,1055535.875
3623500260,1165734.375
4219400520,1142940.875
518500460,2746508.5
2500600297,317289.4063
7283900010,427113.75
9225900055,268316.4688
4036800925,285168.3125
7967900150,303154.0938
1782000130,543469
3163600015,156656.4531
254000075,352663.0938
1424059022,872999.75
2768200090,535573.125
4319200505,376944.7813
1592000780,689739.5625
1687910100,564448.375
5200100115,568024
3751600176,531045.875
5608010650,1195007.625
2051200506,555999.625
2781280310,285648.5938
1023059190,186288.5
2787310130,359809.7188
4358700100,368538.375
3121069036,360622.5313
1959700225,854274.4375
3205500230,296667.5313
7974200937,1043009.5
6819100111,864051.8125
6146600175,201198.1719
1525069095,664937.0625
1231000510,544644.875
4122700040,782738.5
2426039314,371210.2188
2013200390,586527.3125
1854900330,478129.9063
1923300135,492543.25
582000135,867309.375
587800130,212906.6719
7840800135,251677.5469
6116500366,605652.3125
6392002635,626299.6875
5361700020,314887.5938
106000395,236726.6406
7199330390,265532.0313
2484700155,707757.6875
4038300070,349723.4063
9407101850,398294.9063
293610040,634300.1875
7202360760,905174.875
5608010750,963077.5
7236500025,408761.2188
9144300120,356119.2188
1454100267,785526.5625
1377800135,903855
7967700570,242558.5938
1562100220,515542.6563
2923039243,849238.25
868002080,1002065.188
7137960460,301840.25
1023089096,377744.0313
3262300818,1450457.125
8563050110,502980.2813
7137300245,630666.375
4365200630,304000.4688
4100500070,1395151.625
3821400200,207645.9531
5379803386,312390.5313
4237901075,697435.5
8118600155,413659.875
8946780080,808379
1428000970,764535.8125
7011201004,717175.4375
2799800180,435849.2188
522059130,323504.4375
4315701163,645599
3649100387,518988.0313
2125410210,514238.0313
3224900130,208511.9844
6798100661,322949.0313
3626039325,592570.0625
8730000270,384148.3438
6065301040,1118310.5
1665400165,191669.4844
2203500140,874839.125
4058800875,505961.7188
5076700025,795077.5
7853420110,654547.5
7818700480,439262.3125
8658303080,317121.0313
3187600100,519683.875
4077800518,743226.375
2470100110,1617115.625
3451000206,249915.0469
1843200350,448250.0313
7904700126,353573.7813
9430000070,359391.9688
6003500749,807951.375
7701990700,953873.875
1310820150,381711.3438
3975400190,661763.1875
4100000050,788915.875
7202270700,545772.25
7370600020,489015.3438
126059225,414347.75
106000015,416984.1563
4458800060,542987.6875
8944290090,381149.6563
8682250330,642714.125
9834200390,592634.0625
3275880100,770749.875
7227501190,211770.0313
1796100010,572119.75
3831200210,292589.4375
2521039066,275445.9375
7701800050,655803.0625
3904960910,598224.5
5647900670,501805.25
7234600796,496451.7188
3021059244,406266.9688
7787400030,852169.125
2051200436,717894.125
8820901415,582867
3523069047,854555.5625
9194101388,563771.625
7277100610,654601.625
9471200370,1354617
2767800140,535773.75
3629870110,659158.375
9136102057,587273.875
8648900060,545054.125
3678900110,485321.4375
2767600150,578229.5
1972201511,554360
6055000430,494647.0313
6624030050,492130.8125
2215450150,404495.4688
2767603824,505654.0938
3585900460,1485834.625
2922069134,579861.1875
9267200062,297179.8438
7228500425,683453.0625
1089000190,774088.75
3359500960,632211.625
5152100160,521983.5938
7230300060,598400.25
2423059067,582407
8016250060,165035.0156
2524059267,645457
1438000440,530806.9375
3326069026,790303
9353300600,410103.2188
8691410060,635514.625
6332940070,555653.875
1310980110,216543.7031
7428000120,221555.6563
3626079040,924432.125
2722049077,302135.2188
984220290,292264.0313
5347200160,383594.8438
4154303655,661866
2953000250,165867.9531
9523102447,604903.875
5104511840,487343.4688
3448740250,370009.4063
4219400290,1446935.375
5152100060,749586.5
3279000460,209357.8281
1102001274,678088.75
1251200155,1404113.125
2025700740,278841.5938
3820350050,470909.4063
1245000438,562189.625
7853230200,555854.25
3832200070,301137.5625
2926049400,535496
1246700251,790320.6875
6372000155,585915.9375
7950300670,354118.7813
7518504130,596165.25
9286100200,530394.625
3992700585,427301.0625
7234600786,504187.5625
5476800069,326040.9688
1126059201,1018613.563
9527000090,314087.6875
402000115,219021.6094
8818400450,825444.4375
2475900840,295844.0938
1437500015,266007.2813
2848700095,482952.2188
1529300135,517711.7188
2597520090,710682.8125
7812801125,247848.8281
3343903647,288690.9688
1951600250,182072.7031
9542840590,278181.0313
8081010040,1638056.75
3262301355,1520210.125
1861400068,824725.625
3295900490,424539.2188
4345000440,258210.0781
4219400465,1221329.125
3797700030,306655.2188
3204300860,900593.75
1930301555,439050.6563
8807300130,293462.2813
4391600035,865007.875
5021900140,804271.375
2946000590,209041.0313
686400210,527247.6875
3365900462,295673.375
8682262170,575080.5
7312400325,305691.0313
3760100100,390171.0938
3579000410,433389.4688
1773100755,356668.4063
7129300175,664063.6875
6303400965,272122.4688
1328320440,322640.2813
3686900025,258268.5156
1221039066,529929.4375
7950304095,282757.8438
3585900785,999781.4375
9455200329,1181166.375
629410130,704701.75
1994200375,679621.875
6669200370,1447065.875
7262200150,248417.9219
7504010750,549314.375
5253300173,314121.75
3395040200,271050.5313
322069109,493328.0938
4054510270,1004624.125
1710400005,701722.5
8644300170,578723.75
2450000290,929877.25
6102400166,1304169.625
1934800087,509286.875
3333000775,257725.4844
5393600509,432984.8438
621069039,404742.4688
3343903611,551910.9375
2954400020,852704.75
7972000010,191487.7656
7214810510,381973.2813
5561300540,655868.625
2634500070,339575.4375
6822100310,634904.5
9201000100,916763.0625
1072100085,258044.1719
6190701146,527676.5625
3277800845,270022.5938
112900020,506237.1563
1324059048,732941.625
7979900126,481502.625
7199330370,276094.3438
6381500720,273736.4375
8078550190,215141.5781
7853440140,781774.25
6300000396,279304.7188
3374500250,412158.6875
3343901188,474582.8438
6979900010,901836.125
7199340320,534908.6875
1112000125,408366.0313
9269200150,327656.25
5104510210,430765.4688
925059219,671541.5
100600320,234470.4844
1789900080,483363.6563
2123049142,200962.9844
2459900040,600638.75
3902300450,621679.625
7250000065,248909.2813
7823700005,599547.875
3750605247,270701.7188
2771601730,884227.625
3298600440,717865.75
9141100005,569986.375
8682262190,531215.875
9407111250,343819.5313
1336800010,1324363.375
2255500060,786370.1875
7950302345,417039.2813
8658303585,247987.4219
9184700600,1115436.875
8068000440,369537.5313
1310000130,420017.4688
7853221330,916360.5
1222029077,595590.9375
8562891100,556305.3125
2517000260,358725.375
2225300149,279577.4688
8651410330,295269.6563
2413910050,561022.125
9407100720,258462.2031
2112700920,195542.8438
3761700251,1087557.75
1036400100,622532
3585300365,1035328.5
8562750060,997830.3125
2719100042,575426.875
952007055,501397.8438
925049318,669268.5625
7203220260,604987
9320990140,235284.0938
8567450140,580732.5
5379800810,250520.0469
7784000100,591560.25
3992700475,454886.9688
7905380280,369795.5938
943100683,240245.5
8029770470,771135.625
2818600060,675371.75
1226039124,514689.5
726049184,334365
795001930,203059.4844
339350150,539820
1332700270,439528.5938
7548300170,634085.625
6141100330,350215.8125
647100096,866333.5
6744700423,453213.5938
2895800750,221208.2969
4046600220,749685.0625
8809200070,314495.3438
293700110,739953.1875
4178500440,278653.75
4358700164,343784.9688
9197100263,155483.1094
2426039313,371209.875
9468200163,538064.0625
475000190,372310.4063
7504180170,594979.625
4036800170,525298.0625
2561330040,486080.5
4123400340,705758.75
524069115,683892.125
4047200850,399757.8125
8651440230,289783.5313
3905030140,460114.4688
510000641,864070.125
8663370020,457900.0938
2883200760,763962.75
1980200384,430198.7813
9468200140,662432.3125
1796370150,388454.125
9238900085,479347.9688
9191201325,560830.375
2538400060,824888
3758900037,1439235.625
2472920800,417456.0313
321030150,448089.9688
2571910100,392770.25
1423910670,244710.2656
1118500030,798128.9375
1939000010,430843.4688
1776460190,541354.5625
7504400290,512643.5313
3448700070,285071.2813
7518501025,689393
923059252,316604.4063
1431700210,202249.0781
8635760480,419803.5938
9175600025,696583.25
7922720250,632468.5
8944360390,538728.75
8948500065,223445.2188
8669160310,237700.125
6117502745,928642.125
1789800020,634416.125
226039186,570404.75
6457000080,218045.6406
9557300080,739254.125
8562790480,838369.5
6430500008,558299
1604590230,784227.375
9542850290,825365.5
7831800395,256090.6719
3317500030,1244369.25
624101110,805240.375
3654200039,370957.4688
7856000150,756035.625
4338800685,204795.3125
3211230300,475554.5938
3904910650,635875.75
3598600088,152716.5781
3796000400,457900.3438
7972601280,361843.9063
1450300050,232725.7344
7504050090,903684.375
9202650130,621145.125
2419600075,545560.3125
1224049005,838435.5
7129303240,439833.7813
1922059135,312247.875
7852020250,681580.3125
4139910180,1175978.375
4222300040,364438.875
1024069027,837874.25
8944600620,728507.125
5040800060,768497.75
1036400200,793834.875
7899800915,343721.0938
3325069025,537836.6875
9408300310,568245.25
1773100604,379001.125
5451100490,612683.375
9536602080,213238.7031
9828702055,643983
3362401758,556714
476000333,493999.7188
4364700730,324418.4063
5559200020,832650.6875
7522600110,249299.2344
104510440,282122.9688
8820901275,799862.3125
3298700125,305343.0313
323089172,414600.0938
5364200477,1097729.625
2222900082,509129.4375
6641800020,512157.3125
9358001422,343489.0625
3438501150,292084.0313
2206500430,593397.875
9272201318,508567.0625
585000095,618768.875
7708210050,324886.75
9407000840,178510.9844
4027701265,506911.875
8644210050,803010.0625
8656800020,411338.9688
3329520170,320434.0313
5104520720,394125.7813
3806000005,187355.0781
2330000015,795477.0625
1447600410,239760.5781
8641500252,345521.9063
6084600420,390757.2188
441000115,543302.125
2597490030,805359.5
650000030,801860.9375
3585210200,313143.25
5416501030,450996.7188
5406500170,557541.0625
2916200065,433432.3438
3330501975,409778.0313
1774220070,936438.75
8731730710,311305.8438
7861500150,503850.375
1402630190,411854.0313
9117000230,237632.5781
7133300380,662655.5625
4232400470,860203.75
1773100972,299600.9688
9413400165,280388.6563
7658600025,550882.5625
6909700040,1082883.375
1402900380,532533
6625910100,328222
3204900010,614753.625
5162100820,366462.2188
5560000480,217856.1094
1704900303,639572.125
8084900170,1533983.125
2887700091,550200.75
4331400190,383393.2188
3762900130,344228.5938
52000067,725516.375
5430300120,423790.0625
8956000460,643340
8856950310,287375.4688
3364900156,649679.125
9310300211,555537.8125
6448000020,1481131.375
123039570,473559.9688
7600065,664267
3123039171,498883.4063
8964800445,1274707.125
7857000732,268045.9063
7525410090,536209.75
9541600350,1028639
3186600515,503381.2813
4123820450,584347.25
2505500030,1110368.25
1541700240,355851.0625
6629300120,367450.0625
7399800150,735993.375
9517200180,695850.125
1313300340,569682
7967650010,393227.5625
8807810090,533043.375
8815400670,870540.125
2310030500,382196.4688
2241700075,245319.5156
2287400030,240757.2344
2827100075,247102.875
1310700390,188409.5469
5498100010,581533.0625
723000114,1297778.875
6431000987,391120.0938
3356407665,276791.1563
7852110050,799400.625
8677900123,539179.375
1917300260,291503.9063
3396800280,673963.375
8691420050,778507.375
9368700006,235444.1719
339600290,580605
1592000250,678294.5625
1471701780,417972.4063
8928100205,773407.6875
5029450100,198756.9375
5493110080,1311082.625
7883603750,175794.5469
1732800175,669073
1518000290,389263.8438
8604900017,662779.75
5379805160,286835.2188
1254200835,637981.375
3179100482,839214.5625
3313600266,191008.5469
976000879,905158.375
8819900220,911059.875
2130701535,460341.6563
1176001124,643543.75
7893805650,414176.6563
3885806840,776913.3125
3625600190,777641.75
8562790150,1030049.625
7348200115,198258.8281
955000453,639371.5625
6817810310,385952.3438
4040400340,421022.5313
1644500050,874486.5
8029500100,417171.2188
5244801230,624406.25
1115100119,327787.1563
9542400010,654638.0625
423059387,545084.6875
4023500990,468827.0313
7899800857,286229.1875
2976800796,388829.4688
1074100020,238874.8281
446000010,497092.7188
7942601200,729224.6875
3575305495,586772.375
8691310040,946748.75
6117500430,1219081.625
3924500130,409813.9063
2028701075,617797.375
4330600360,336085.9688
1324079082,477796.9688
9268200484,397175.0625
9828701605,520537.4688
7518506715,755328.9375
5315100277,622396.375
3942900115,225476.7031
1561930020,485435.4063
9510970090,635405.5
6163900821,366159.25
9510300220,383754.7813
3869900146,308907.125
9262800208,428139.9688
2522029039,637745.1875
6865200095,616857.625
3782760040,548228.3125
4237901250,666150.6875
2891000610,211963.4063
2749600095,841443.625
5422810010,544311.75
3629980350,733750.125
2459500070,254326.125
5113400364,870913.3125
7533800885,1095882.75
629410190,738571
8651431100,270739.1563
7960100050,475655.6563
1842200040,719753.125
425200205,267994.4375
9477201470,339373.4063
7905200365,433838.1563
6381500635,469349.875
6052400175,276026.7813
1236300268,825306.875
6072800265,1952156.875
3423049311,231200.0156
3755100540,544341.8125
7852150120,338968.9375
4180300050,510799.7813
7625701935,461018.0625
7132300550,582535.125
3025059093,1157269.875
8161000220,596374.25
7852011020,773134.1875
2599200160,670182.5
5536500020,593595.5625
2095600150,449839.4688
8910500226,435953.625
1681400010,789104.125
1424069110,543924.8125
5127001620,351211.9063
7940710070,408260.2188
2413300980,274114.3438
7853400250,637419.4375
9542801310,244203.0938
1890000169,606476
2720000120,444808.3125
9424400105,720667.8125
7888780090,265244.3438
3501100280,499329.7188
3905100220,597101
723000150,1169936.625
8691310980,827302.125
2297400250,304574.2188
2892600056,270119.8438
5273200080,525520.8125
5145100460,365394.9688
5561401260,612976
7732650040,842721.9375
7504101280,733662.125
8581400345,250330.7969
7129302800,611532.9375
9551201560,1060184.625
1546600020,918412.375
2648000071,276232.8438
3339900640,291065.3438
7853301240,498573.5313
943100262,267404.6563
7202430150,464886.9688
3558000120,376229.9688
3890600150,1004815.938
7452500315,340544.6875
7173700591,573991.75
438000015,624905.625
928000020,270198.2188
3830700010,273689.125
3845100640,375472.2813
6675500112,314653.4063
1773100920,291915.5938
9485940330,599873
5561000600,530474
1786830090,780400.375
2011000020,162408.6406
8024200681,408710.9063
5452301810,1143727.875
5515600075,318631.5313
357000135,1045158.375
2541100010,907249.9375
1090000036,404090.6563
3459100300,441063.875
2450000295,840523.75
162500015,219483.7031
2592210290,1004478.25
5101405265,435300.4688
1122069019,976913.25
7501000220,1164081.125
1310900140,217692.2031
3298700941,448721.7188
1972200382,642403.5
5100402764,601062.1875
2623069069,530512.125
6372000280,589537.625
4305600240,456600.7188
2767602094,568508.0625
2500600289,217406.0938
7203160090,609837.5
3521069146,622779.875
824059321,1033571.75
9348700610,811300.3125
7228501745,543073.6875
6021503656,444613.0938
5437400630,707653
2207100740,473384.9063
7202000220,249105.3125
629811340,625192
1324079029,578567.8125
418000010,322521.5
6303400290,194602.25
4139910030,1285839.5
3023039066,494469.9063
8698600395,311963.75
2799800710,267305.3438
7351200050,1151744.125
8564860270,503047.5313
2591830020,434248.2813
4139420430,1331812.875
9828201725,685898.75
2420069604,394368.5313
7224000315,245734.75
3861470120,1191393.125
3222069151,457800.5313
3869900155,459643.4063
123039346,369307.1875
305010050,793532.875
2141340040,637619.75
7504021310,769653.0625
2436700315,821111
8732750100,498479.5313
3298201290,256651.6406
9241900150,844618
1180005220,298172.4063
5540000050,579212.125
9211520400,211821.4375
2623029078,481255.9688
7132300695,768101.5625
6430500219,517337.4688
6084200100,379276.8438
7140200280,270874.9063
3904910610,648899.0625
7625701900,413969.875
9432900560,304477.5
1388600110,255680.7031
9126101201,579991.75
4224100030,621333.125
1109000390,383576.2813
3336000296,302735.6563
7504100590,621227.125
2025701060,242166.5469
7527410080,715845.625
7304301045,377892.7813
2591840050,370384.9063
2767602490,477302.5
5494000040,1226022.25
2473251090,192604.4063
3825500080,315591.75
2309710150,400093.75
8901001335,382280.6563
1781500435,235436.4063
8835220200,395024
4037500335,616854.875
1338300180,1605661.375
7968000120,218299.0469
686050100,857817.5
1180008315,276557.5625
1657300280,493789.0625
7856600170,885313.375
4154303125,645431.6875
3295730050,482753.5313
1777500090,666806.5
203600470,561996.3125
6673050020,337114.2188
8731980680,493594.625
2273600260,495019.875
1000102,255320.7344
4197400005,318846.4688
3378100100,413705.4063
7856620210,635733.5
9275700765,836293.8125
1246700136,359330.2813
4239400740,206323.5469
3306300630,198304.4219
2524049056,1137817.375
2023049245,217854.4375
3210400340,185568.0313
2621760350,391524.0938
526059183,521951.2188
8078460050,672922
7504110050,711113.125
3876312840,328293
9268850350,393185.8438
8085400490,837212.5
2722059185,515366
3644100101,461223.625
1321700030,726899.0625
5608000630,932105.75
825059349,754036.1875
6083000071,223165.2969
9164100105,783761.625
1425059145,1489583.875
5210200184,674713.0625
9477201370,331810.1563
2927600630,629965.5625
2619920170,719579.875
1560930450,728357.25
2896000510,700329
3034200067,340923.875
4025300360,358914.4688
3362401295,569762.375
2391600555,389208.7813
7550801170,492900.0313
5347200175,263947.1563
8910500471,562875.75
7199340560,508199.3438
9266700175,320961.0625
808300270,386530.2188
2487200875,537898.1875
8728100781,335889.6563
5379804888,245191.5625
6619510060,318088.8125
5416500680,408637.5938
1862400087,384308.75
2126049277,295020.0313
4137000070,440349.25
8081500060,1622830.75
686800065,970298.375
5561100180,622087.75
798000342,236240.6563
5603700095,808350.75
7151700585,1110502.375
8129700565,666973.125
2782100260,712015.25
7011201106,764499.125
2423069084,564647.75
8141300300,240273.9531
6601200040,299069.9688
290200230,723376.375
1423900220,199266.7344
7303200450,198281.1094
3755100220,365440.8125
796000235,275169.0313
7237501040,1110314.5
7203220400,926260.125
9285800275,743698.625
2061100435,579841.125
6414100025,481136.875
5317100750,1378901.125
6145601000,342302.9063
5634500775,499013.0313
7375300160,696677.5625
9558050360,672619.4375
4151800420,968535.9375
3751600146,317825.6563
5302400080,663613.75
357000005,870523.875
7283900306,342113.9063
3738900105,273913.4375
6822100305,722582.75
7436000205,989238
3295730040,509073.6875
1526300015,538760.625
3294700101,379812.7188
8864000970,203317.3594
5469502700,1097426.75
8078520310,317212.625
6154900130,599899.1875
8945200830,184754.2656
1085623630,402150.2188
4013800131,666714
2287000010,806039.8125
546000930,701249.5625
4051100390,257857.3906
7203100120,737171.6875
7523850150,205316.9531
3826000665,211521.6875
1311800560,219863.9219
2877102180,720391.5
3221059044,837100
9169600110,613863.8125
9510920040,762455
8813400155,841362
3896100130,1109200.375
2568200740,597202.75
1217000340,376751.0938
6430500086,636288.25
5634500234,921611.75
825049073,452275.3125
2391601445,1041182.813
7881500330,433839.5313
1721801591,204596.1719
2473390710,302628.75
5634500891,358239.5313
5515600163,349493.25
2560805630,236016.8906
8078350280,650975.1875
9477201060,362943.2188
8827901350,707479.1875
3560800040,306733.8438
3034200370,614033.125
1328300040,496945.8438
2483200010,989255.875
6071800480,305430.3125
6200017,640815.1875
8149600065,615279.125
3362400615,659460.3125
7518502945,717276.6875
8001210120,222124.4531
8682280340,740089.625
3623500408,1545061.125
3764650070,474193.9063
7937600380,477599.8438
923000580,750751.8125
217500005,473484.7813
5419800510,265971.4375
8562901250,595835.0625
2212200100,348682
2310100240,476099.3438
8582010240,724581.875
8651410670,374798.5938
3330501645,309747.4063
8113101232,320182.4063
7849202190,441024.8125
1864700300,241891.6875
5231000060,464375.7813
1565900070,339509.1563
7555220140,734347.4375
7518505160,563181.125
3322049005,430039.7813
808300550,307465.4063
66000265,348688.3438
2880100675,532285
1524079156,366277.7188
3625700010,897339.875
3259400024,376004.4688
3205000310,364027.4063
807800190,276360.75
2783600210,328294.6875
9290870040,754582.25
2561360120,308081.5313
8857100180,555588.75
4388000070,261205.2656
3860900003,636327
1176001119,610987.375
6084600330,272388.375
7985000100,203191.3281
8026200080,415802.3438
3210600010,589722.0625
7558300170,427218.75
7852180340,419273.8125
524069011,691959.375
3361401011,197251.8906
6117502455,499448.75
5602000025,224272
4142450490,387198.9688
5306100255,312751.7188
1795900120,545585
1193000280,929405
9238480120,747661.25
3630200780,756281.25
1250201130,538098.0625
7796000095,1133221.875
8635760040,584392.625
9476700135,396024.8125
5249804510,820806.875
40000553,439565.5313
3204300625,787815.25
2596400050,315202.5313
2724069103,634509.125
3744000040,534749.75
7525100590,479220.375
3705900292,313906.2813
6169900790,1221770.625
8127700735,764939.75
3761700067,1434925.625
6065300570,1150107.875
4022902050,535039.5625
3886902590,888159.5
4107100190,2109320.5
2909300150,918448.6875
384000135,594267.6875
1005000036,262607.8438
8856970530,401638.2813
3448900320,546967.9375
6713700100,337073.4375
2260300060,1425499.25
7273100026,818827
1277000020,716455.5
2620069113,346178.2813
4166800080,415264.5938
8731902680,519032.9688
2599200830,409105.9063
7569500010,745921
1825069031,718920.8125
4443801495,526300.0625
7805450110,775239.6875
3345700207,532989.75
1560920450,839575.875
3629950010,429046.9375
3782100035,242158.7969
5561400340,908754.6875
1898310110,268103.75
2122039094,990143.3125
631000040,637683.875
293000145,521783.5313
8121100015,635700.25
3205200430,481841.0313
2475900565,350859.2813
1651500040,979739.75
3955900500,236741.7188
7907600100,190299.9219
3123039136,538772.1875
3972900735,360828.4063
1424059130,630356.125
6792200282,302532.3438
910000104,594333.375
3751600784,552061.375
946000295,457813.8438
7749500070,370859.7188
255550070,270156.5938
5151600340,393136.6875
5415300060,628299.375
287000110,781447.5
7585000110,243378.4219
8121200460,724705.125
6891100090,634266.875
7575600100,212918.6406
4240400140,763955.5
4046500510,578862.6875
2944010240,910941.375
3449820380,463337.7188
7203102140,285350.5938
8665900291,313950.5313
1775930010,709475.3125
1118001631,1352575
8911000445,644048.25
117000100,602493.8125
9284800085,357559.625
2795000080,576862.5
123039207,267532.0938
1312200080,198845.3438
1236300290,1451398
7549800168,300243.4063
6891100260,815247.4375
6072000910,637607.75
3226049184,375083.1563
1442880320,399642.6875
23500190,556989.8125
6021502070,716502.125
4168000110,228543.3594
792000006,193229.0781
9558200210,323355.1875
3840700757,590984.9375
3876311650,376378.4063
1328320800,457396.2813
5006000170,248773.9219
7575600430,215151.9844
7686202580,176449.1094
2524069097,1062662.625
4292300024,297357.5313
2726049071,589273.125
3526039019,668415.875
3300701365,669931
1274500170,221867.9688
7282300095,243782.6875
8562740440,921214.75
3761100045,1985550.875
2877104265,712350.125
7940710100,507231.625
6071000030,812862.5625
6448000100,1477281.5
2923500230,1218111
6751300375,662693.875
7214810350,525361.5
1088800470,806058.625
7129300420,385953.4063
6149700405,321360.5
9521100855,470557.7188
1861400116,906246.625
2787460720,256324.7344
6073240060,553729.125
291310100,344811.7188
1247100035,728319.625
2626069030,844920
1326059085,625228.6875
6447300265,1551913.875
8651401270,220861.6406
3524039209,645629.5
3226069049,933930.875
7548300425,526193
1438000360,457604.9063
1777600900,728785.625
5244800695,771413.875
3387900390,320808.5
1954700615,1567937.875
1026049036,1126550
1683500180,272134.9375
1939130420,652101.375
2021200530,970862
993002325,405089.7813
2780900220,416225.625
2540800390,278744.1875
2919700540,583776.375
2787250090,734659.75
8651442520,313906.6563
100600860,220136.0781
1437580480,861314.8125
3886902505,591622.75
173000140,279364.7188
5151800045,519117.5938
3010300240,660928.875
2085200261,581918.8125
1839500065,476367.4688
1049010300,354243.5313
1328340540,384609.125
8887001625,454923.6563
5332200320,1247474.625
7137960030,292911.2813
5468780250,307711.2188
2436200715,816260.3125
5137800030,307838.3438
1068000520,1084867.75
5379805121,272002.9063
7445000105,725757
7942601895,602988.625
1727850350,872662.375
9407150310,286015.2188
5569620550,813513.875
3179100480,847679.625
3624039111,255600.3438
7844200050,508986.7188
3304040020,621157.5
7739100155,978058.5625
6099400053,194549.6406
7468900270,172268.4531
396100025,377916.0938
1160000255,493174.5938
6300000320,536139.875
6392000570,436168.8125
7387500235,346183.2813
1121000058,507119.9063
9828702120,696425.5
7715800310,548305.25
8562740370,875147.125
5637500070,434163.9063
5561400470,612312.25
1189000205,490463.7813
2412100025,714255.8125
1073100065,389675.6563
5160300020,866129.875
2770601677,399765.7813
5104450070,343875.6563
820079043,544991.5625
751000190,452279.3125
1823049179,187768.4219
7430200060,1094970.375
3331000035,460533.5
1775910370,515221.3438
3626039299,486713.5938
1546600125,825638
3260810150,399577.9688
6817800330,379686.1563
414100045,266038.9688
1326039061,405353.4688
4055700030,819687.125
1225069038,808251.125
2296700260,405724.875
2822049160,241562.4219
3395300260,538751.375
5144000036,471457.9063
809002290,1040358.125
7334501410,708838.3125
421049114,218707.0156
2623069010,549090
1133000144,679008.1875
705710290,375608.5625
7313200120,615196.1875
1269200150,561230.375
9264930970,272964.6563
6819100020,918431.625
5112800421,296915.1563
7846700850,585754.1875
7227501450,290323.5313
5451210150,790615.125
4140900140,745075.6875
3537900180,1230798.75
7738500475,600946.9375
3541600450,425301.2813
5379800040,368568.8438
6664900330,384223.7188
6056100312,361310.25
7766200013,435296.5938
8651720470,491974.4063
5690500095,971791.875
5423010180,1236884.125
3204300610,837326.75
3425059066,777359.875
7856660130,1142761.125
2954400520,710120
2327000110,1031491.938
9526600340,802578.625
7695500200,586787.125
7237501180,1459282
2008000550,344663.7813
1123059126,400601.0938
1775500371,666120.75
3459900230,1392785
2619950310,632072.5
1771100330,701921.75
1321059097,443584.5625
2420069278,394514.4688
3832050570,272012
7132300525,578634.875
8691410700,706014
7967000150,374571.0313
1328300810,276855.7813
711000110,647069.375
9485951460,306728.3438
1771000970,353065.7188
2817100900,446389.1563
6817800630,361660.625
3558900450,508147.0938
7215400770,550136.3125
4222000320,297295.3125
2791500270,209328.3906
424069018,693884.1875
9547205180,700023.875
5631500947,603860
1425059193,669156.125
567000775,558511.8125
3904900610,516305.75
3649100346,337885.0938
1624049228,440530.9063
1559900080,357784.5313
2919702040,471389.875
4013800206,364461.7188
1025039292,1514526
2771604640,673021.5
7203600550,545635.3125
1545802830,227643.1406
3303910010,797394.75
8617000060,573925.0625
7889600190,184497.3594
3325069064,503410.8438
6300000337,575014.875
1172000150,362505.1563
3348401319,243742.1875
4188000490,901103.875
7779200355,581375.9375
8029900110,618560.375
4060000290,302138.8125
9475710040,310722.375
798000535,182813.1875
6415100410,501773.5938
4299700095,212345.6406
6117500955,466212.4688
2421039075,367167.2813
3362401935,528514
1545800205,497342.8125
7645900235,799815.75
4141000060,655428.125
9485800050,786717.25
2436700280,876822.5625
7335400400,213515.0156
9294300495,1066900.125
6649300190,404707.3438
7950303270,524643.5
2391601010,548742.9375
8129700728,471586.7813
7871500685,980546.375
1498304065,812349.5
3862710010,480760.125
9209900335,515118.4375
952006857,485757.4063
2322069168,653790.5625
1775801090,511023.9688
5700002165,880246.5
4029400080,563625.125
7796100080,1211240.25
9279700150,932137.875
3876200060,550037.875
2934800025,313867.3125
9359100101,1293984.375
3330500335,246819.4063
4027700466,551433.75
3204800430,209531.8281
5415350770,750566.25
1443550020,626745.25
2810600022,432042.0625
1238500281,442246.2813
2591020140,586612.875
7137900960,387172.125
1328340630,536854.4375
3529200190,487070.6563
1624049291,481449.9688
4083301120,677982.25
1873100060,766573.125
1773101159,266689.3438
7214700350,524273.375
3856902250,677580.875
7169500130,433484.7813
4038300010,602798.375
9578500810,403061.0938
3345100184,490803.125
452001860,671447.375
7905200037,591186.625
9376301110,423196.0313
873900240,252782.0313
8682262400,437322.2188
7227500910,211491.5938
2392100090,275865.5313
3221079050,547645.4375
4307320280,247661.8281
3211270170,655719.75
726059483,598704.125
424049043,427110.9688
6865200140,604600.5625
1155640050,518555.2188
4139430250,1093847.875
818500100,302391.1563
7999600180,387226.0313
4099501215,685393
4046700140,284813.3438
8857600490,179295.9375
8677900120,571054.25
5379805253,232803.1563
9211510410,230713.2344
2337000150,414990.5313
1423049029,283127.4063
4036800580,553796.75
3942900010,282321.8438
3438502715,278588.75
7625702441,379814.0313
3905100610,637206.625
2218000335,601983.625
3034200516,483475.9375
8024200625,326555.5313
8564500020,377542.5313
9550202700,574334.875
7518508625,508414.7813
1822350070,450452.3125
8921000040,913073.125
6648150090,1434177.625
2402100675,758064.0625
42000127,302200.9063
5100401160,479810.2813
7347600507,262415.5313
1839910300,339878.6563
1250201550,702605.6875
9460000010,271661.6875
3356402232,257177.125
6819100150,543802.25
8645501330,540428.875
1556200005,873038.25
40000228,176842.7813
7300410010,387277.2813
4299000030,415768.6563
2629600016,681766
662310900,435190.5625
1909600046,369933.75
7893207490,247408.8281
2524049318,1212772.875
924069210,787888.5
1591600527,265262.4063
98000060,1113776.875
6392002020,669996.3125
2719100400,665937.625
8018600655,244869.1094
2141500020,404415.3438
3277801580,413609.0938
7237500110,529711
626100023,687990.9375
4319200820,541757.6875
1422029138,655748.625
9517200610,439705.4688
7334600280,313653.3125
8820902400,794851.75
8944600060,671037.5625
100100050,316628.5313
8074200100,261735.5156
1836980240,863350.625
6648500440,282956.4688
9530100225,599196.3125
2883200875,721136.3125
4218400175,1718981.5
1022069183,740707.375
6398000171,700664.625
5021900160,484684.5938
8078410250,607815.125
7972602490,257652.7656
1962200435,760459.625
7221400285,449483.6875
273900030,368260.125
2708450020,497287.8125
4083306616,528544.625
3034200435,369752.8125
7855000550,1266964.375
871000155,692082.6875
8024201714,351731.5625
2625069038,926320.375
2324800350,747493.125
5450900010,892580.4375
1822039225,866778.125
2460700700,295149.4063
6679001060,501280.75
2422059111,519370.1563
1250200345,392841.0938
5589300370,276904.1875
2021201000,784336.625
4302200336,363696.2813
1328330290,336325.9688
3438500781,516296.625
5453700020,608335.375
123039147,491390.1875
8691310070,876946.0625
6450303785,413579.2188
114100234,563174.9375
9212900820,717039
4270600025,422797.6563
7201600190,376259.125
521049227,796604.8125
6300500479,288097.8438
1432600100,190533.5469
1024000109,923032.125
1430800100,303246
9164100125,737337.625
1925069183,794807
7852160080,1303097.625
5317100780,1541852.25
4083304835,629738.875
9478400080,721787.5625
4463400195,254871.2031
4232901525,606162.75
3845101070,534672.1875
1843130980,345930.3438
3810000480,280466.7188
7137960440,350606.7813
1231001115,531930.375
5101405340,499569.2188
3723800409,524336.75
8651430370,186875.7031
6135300010,282914.5938
23520380,473015.2188
2935400100,342657.8438
6137500320,928451.9375
7841300230,274075.2813
3521069051,485629.4063
2621400080,423465.2188
5104530240,347733.0625
2022069200,693311.1875
5469501850,402559.6563
9206950110,319564.5
3298300210,429342.6563
2810600015,408845.8125
7298050090,652301.625
7202290620,469017.6563
3211290370,384558.5938
1591600506,381381.6563
2827100070,219113.5938
2482410130,238315.7031
4364200125,329963.875
6388910730,716921.75
7436500120,390426.1563
1822059156,860535.125
9432750190,561379.9375
2205700405,667637
6056111370,418385.0938
3205500160,343745.2813
6139100076,300661.5313
723069135,374745.8125
4123830070,497408.7813
2472920740,591607
6134500220,626124.125
2734100395,238998.8906
3574800090,431667.7813
3126049107,672325.625
669000210,994202.25
1139000620,447356.0938
3825311190,638821.125
7300400320,653129.3125
9407150250,244226.0156
3679400503,265911.8125
641900050,472170.5938
9169100130,689474.875
8091800140,246735.2031
9547201155,627072.625
4154302045,303984.4688
6638900265,447322.5938
1423069063,556129.875
3335000025,409133.4063
9269200650,483998.6563
1781500180,397299.1875
9211500520,179585.6563
1853080150,946076.5
2767704756,421614.5938
2206700295,560907.5
2557000380,262462.25
11520200,740643.3125
3832710680,302800.0625
2569500210,320055.5313
5230300210,311115.4063
6447300225,1361004.125
5035300325,663703.1875
7853301660,686827.125
5411800250,495081.6563
7203210170,718868.1875
4302200415,368597.625
7942100290,241019.375
3629860160,750369.3125
1423069076,688677.625
525049085,672832.125
3306200230,196865.9531
2193310300,639840.125
7978800621,312606.4375
4027700632,510912.4375
1761100190,328489.3438
2749600245,706243.25
322069141,995986.375
1900000035,196401.5156
3361400190,173559.0938
1604602050,397160.2813
9421500160,423083.9063
7788400180,197091.6094
1566100625,349169.4063
3861500340,331100
2524069072,337023.8125
3013300980,459330.6563
4191500130,376661.9688
9407150130,343729.6875
3904902500,798717
9510900140,295000.4375
3368900084,259791.6875
3432501415,268452.1563
4254000540,560134.625
2767603250,524863.125
2923501130,693795.5
9183703045,296724.7813
5279100675,296526.1563
3905080310,529675.6875
2461900375,494861.25
3346300356,745684.5
1865000110,500008.4688
9264930400,408407.125
3447000100,570292.6875
2313900510,529798.5
7518507330,575512
9368700270,348461.9375
1137400420,328277.0313
2023069054,357156.9688
2141320230,593528.875
9536601295,797025.25
2424400130,656763.4375
5210200081,823436.75
4443800785,622437.75
7292700005,451590.1563
9834201205,416213.3438
3275800050,227554.0781
6926700654,744411.1875
7511000140,769577.625
6821101895,619269.875
8964800695,1201658.25
6821100195,942802
1226059105,623559.8125
2806300070,979740.6875
1720069029,316400.7188
6384300020,532069.5625
8928100125,874450.875
8562770720,618799.3125
8650300130,768867
2126059172,688953.5625
8812401450,553024.3125
6646200280,748224.25
4021100045,517802.9688
1155620190,397530.3125
6061000010,380804.0938
3362400472,551991.5
9558020240,539572.4375
7309100270,698362.75
7137950210,367213.9688
7849200635,339075.0313
1311200460,167273.3594
284000095,862150.8125
1509700050,493195.1563
3438503014,289624.7813
9406450090,427655.9375
5096300140,561738.625
8923600020,1495938.5
809001070,936878.625
2291400342,354704.2813
644210020,801424.375
6700390090,767966.3125
5631500285,646144.875
104560120,318573.6563
6413100311,215884.5469
2558700090,375803.9063
1471590060,1002418.875
8914100170,680940.625
5652601035,379875.5313
7852120140,695045
6163900952,469688.9375
5215200050,595761
6352600490,1021156.625
3912000020,470122.5938
8830400135,221744.8594
5467500040,275539.4063
9406570300,316351.9688
109200390,329017.5313
2025770310,776971.75
1939120450,712099.25
7524900003,1693731
3755000120,332594.4688
2473002850,491543.7813
7625703945,329121.4063
9477000190,327066.1563
1727500230,351256.5313
7011201087,726098.125
5561300750,628378.5
3969300030,208696.7969
8097000330,393241.3438
2025049064,987990.6875
985001321,185938.5156
1775500050,421513.4375
8849300160,336229.0313
2316400285,488900.0938
2423020180,626313.25
7128300500,470823.3438
9512501400,383517.9688
7200179,196862.7656
5490210670,337166.7813
9527000330,438656.2813
1972200326,458967.5313
4151800195,724337.5625
4046500320,632813.25
9834200885,441475.1563
8161020050,539515.75
2891000750,234742.0156
3426049031,1098144.625
7387500195,289568.0938
6303400395,230922.0156
638100015,304337.2813
4107100204,2145467.5
537000255,531452.625
985001266,221290.8438
1137410040,307713.9688
7229900250,247347.9219
3905100840,704527.0625
8100400160,627968
1346300150,1795855.625
1443501020,244212.5156
5490700035,294831.375
1954600050,957748.875
8122100690,305456.4375
3663000070,683429.125
5101406375,541337.1875
426059055,455409.2188
9268850160,416104.3125
8731800840,377127.75
3331001910,254638.6406
7603100020,1108740.625
809002705,670170.0625
4364200075,481399.9063
1113000430,233971.8906
1176001117,695000.3125
3320000212,427924.2188
9286000150,1383459.375
301400830,295596.625
425059024,812603.375
8835350300,558188.3125
7100000135,432653.9063
7696600240,190071.0781
9808640320,1333826.75
3764500180,746044.5
326049060,773434.375
4017110200,564928.875
7224500300,297466.1563
1560930050,862591
726059395,375537.0313
8964800890,2127311.5
4045500620,947209.625
8562710250,965250.125
1775800710,402468.6875
9528102865,733467.375
8096000060,883494.875
1591000015,275645.4688
2310000430,443400.5
3902300350,378536.7188
4068300280,351348.6563
8732130730,221079.3125
6791100410,576008.5
7660100236,377254.9688
2568200070,886409.5625
7697870310,222751.4531
8562901100,743027
4016800120,420219.7813
7338200180,723169.4375
6791400320,389045.875
616000200,288068.3438
2917200675,303722.4063
2926049086,419529
3621059048,390476.5313
7987401095,705482.5
5589900590,294787.2813
855700170,484243.8438
4030500130,424123.5
1755700060,274597.4688
2413900050,533016.1875
2489200250,549356.375
420000085,223312.2031
8106300820,527126
8651730580,526576.1875
8106300090,516226.9063
9842300095,448164.8438
9477000280,234591.7656
2877102495,506398.4688
868001030,959822.875
8564860110,702585.3125
6762700452,655978.625
3294700310,332654.875
7231501665,300493.1563
7525900050,687405.375
7882600326,1027176.625
104550690,269399.4688
3425059076,1192422.125
8835770170,843800.9375
2581300010,1032748.813
844000180,255977.6719
7888100240,210201.9063
3845100670,484701.0313
4027700812,660369
291310390,405649.1563
9550200370,806948.0625
2328800130,440259.5625
2372800100,224100.9219
2923039264,657006.125
9282801720,248844.0313
9520900230,457750.6563
985000955,228989.9688
1099600090,215345.9844
9211010320,589348.6875
3825310820,917033.375
9545240180,613411.3125
87000245,213836.9688
5041300100,653796
3624039150,286324.5313
1370804430,692866.75
722079056,348116.875
9126100815,529019.75
1770000490,529423.6875
3995700250,246617.9844
7214820400,262374.4375
2473411130,334930.2813
1824059079,1008751.875
3080000030,394210.1563
984200540,245497.7344
524059063,1541984.875
9482700475,564040.3125
8024200820,502141.6563
8568700015,420226.2188
1223089050,749860
2205500400,474822.2813
1279300085,700337.6875
7376300085,532435.25
322069020,488507.0313
291310150,342550.5938
724069059,1545456
5255200220,398553.5938
1931300850,594225.875
4427100105,375549.6875
2881700231,267212.3438
8641500280,450247.4063
5406500440,703793.75
8078390150,679072.875
8945300090,179017.1406
8819901030,826644.625
3179100220,1238339.625
2126079046,514942.4688
2621750350,431255.125
4014400190,279237.625
7853420110,654547.5
2114700368,240978.2344
3438501081,296566.5625
6850700670,1251111.875
3352402272,308037.5625
4157600150,546088.8125
8151600941,432600.0938
5160300030,867708.25
3820350120,480625.4688
7338000800,269023.8125
3359500110,757299
8016300240,712877.4375
7203120050,722081.25
3322049201,200034.9844
7231502505,385861.9063
8106100105,1012773
3895100039,578973.0625
1001200035,233809.7188
2724201202,180522.125
4038100110,557846.5625
8827900015,843201.375
2644900109,420477.25
302000375,290890.0625
1604600095,364361.625
2600040160,746758.125
2129700525,594019.5
603000555,674402.875
4083302225,798187.75
7298000090,835398.375
2484700015,564141.0625
8945100320,186408.9844
5112800042,348984.4063
8091411100,279589.6563
7375100070,411144.1563
7577700061,620496.875
7923700030,545020.1875
4235400186,489902.7813
1498303700,743275.875
3876312350,381108.6563
3797001815,617792.125
868002015,1053349.5
597000550,636519.375
8956200530,417455.6563
2207100165,675199.8125
7942100180,188062.625
2468800040,514975.0938
9842300036,318529.8438
5700003985,1448989.875
2988000070,469752.4063
8857320260,674355.625
2600040130,629445.875
6632900452,414299.7188
7518505910,690791.875
1672000170,838463.25
2597800010,843500.25
8562790720,756586.875
4219401080,1334057.875
7000100711,1263471.625
7954000125,858498.375
5700003640,1044602.813
5700000275,710499.375
4019301205,729239.625
8943600360,250334.3438
2954400400,1331710.375
1321400060,300769.6563
2255500123,750560.9375
2781260070,482279.9063
1313000220,650628.9375
1125069153,889766.625
8899000310,279730.375
4139450360,1050527.625
5511600315,562079
3575302575,594579.5625
3226049054,346742.3438
274100090,281679.3125
1545802080,377468.0625
6669020500,239452.2969
3307700405,570396.25
3760500407,822511.4375
7853270100,865487.75
9320350020,327174.2813
7715800430,558279.5625
6791400100,350650.6563
7708000010,500740.5938
1448800010,236411.8594
1782500035,480535.8438
3449500050,500116.0938
2856100515,585181.75
1245000461,899629.75
1219000043,288960.5625
5409800110,315622.0313
2680700010,758737.375
8143100350,306120.4375
2597150270,173918.0938
2966800010,567868.3125
8854000010,604983.875
2207200635,527666.5
1722059222,423065.4063
9358002305,630556.625
6392001950,607366.3125
3630080070,535995
3797001702,504259.9375
8127700440,844529.375
1446400785,182388.5938
5016002275,1016412.375
2818100060,791255.1875
6431000748,362427.25
7972600450,289285.1563
8078570380,229228.875
7889601320,198601.5781
1762600280,1025050.875
3026059085,758901.25
3475000080,1013696.5
1370802620,846756.25
5151600285,284850.5313
2722049218,319292.6875
7696300080,313653.5938
4168100020,124309.4375
1474000050,478852.6563
2473480350,325647.0313
1139600270,298028.3438
6699940120,303435.875
7016100120,426786.1563
6752510010,851991.4375
7915100490,598084.625
984210170,269860.4375
6159400030,375896.5938
3013300968,378762.4063
6404600006,177210.7031
2770602170,682052.625
1922059401,532787.75
291300010,574099.625
3856905185,682053.75
7304300905,225988.4844
3416600185,902508.125
1786810040,734841.8125
4354700010,673425.75
3902100175,406413.5938
4305600360,366883.2813
3622069114,578455.25
4376700570,761685.5625
6795100589,510591.25
3344500085,514319.0625
2206500105,626197.375
8731900880,538909.25
1682000160,294118.5313
5104200380,425245.4063
1982201595,513843.7813
795002190,180040.8438
7228500375,578599.375
9412200280,554156.8125
5071401000,1262197
597000566,704065.75
8151600101,232874.8281
2028700265,565299.375
1670400090,259971.7656
7851980100,1111718.875
5595900345,219822.2969
4046700300,450930.5625
4324210120,801217.75
2616800050,702070.6875
1525079069,730340.5
9828201020,691451
2723069146,553650
9468200100,943840.5
2883200961,789121.6875
1137300690,481873.7813
2473100280,237068.7031
723049448,240170.9844
3066410810,829732.6875
5700003280,892208.5625
9268200440,431763.5625
4053200410,683085.75
1234000704,655059.8125
2473372170,395839.4063
2523039239,219176.6094
4324500490,411428.875
238000244,274339.75
1105000571,342900.6563
1771000430,330809.9063
666000142,613768.75
3389900800,577147.75
3578700017,779561.25
3629970190,650146.6875
255450250,482797.25
1154100205,778839
3629890190,1204926.375
3905080870,656343.375
8155820110,276629.6563
5135000170,959876.4375
2464400435,575733.25
9482700080,661145.875
318900080,460735.6875
9477001410,297179.1563
825079019,639117.125
1471701200,385011.0625
5606000120,1131329.125
7853350220,741314.1875
1776460110,367720.9375
3904920980,789846.1875
8087800430,428505.5313
3298200320,332516.0313
9122500080,371021.7813
7893804845,462283.875
1370803730,706066.625
8001450170,356951.4688
5561400260,615771
7308600010,785871.125
3524039060,464450.875
7300400150,420638.375
207700050,435092.2813
5595900355,256605.1094
2652500285,986001.125
6744701310,2099372.5
525069127,1113129.75
3334000050,722188
8682220390,797526.1875
4038700380,661242
8073000265,636212.0625
9521100960,741709.8125
5634500688,789474.5625
6813600440,433968.0313
1072010350,340708.375
7853301700,709262.3125
5141000571,229800.625
2013802060,947604.4375
7852070210,869415.25
1402970070,510576.2188
2310040020,502317.2813
646910560,312182.9375
6647400090,628785.5
8682231110,626646.125
4376700330,637995.625
8069000075,998750.875
7147600220,417757.8438
4142450330,445656.375
5101404698,258444.6406
6154500070,798875.5
1592000640,691167.125
3756900027,329612.3438
7203220130,600890.375
643300010,426771.6875
8651720150,335526.5313
4139400910,660917.25
5054800110,455343.1563
8835200330,435891.4063
7682200340,253228.6094
7203600745,400515.9688
1895000260,347448.625
7922750020,709143.875
5437200050,708562.4375
8732160250,256224.8906
1442870440,725411.25
1471700410,556568.625
3204800330,413216.5625
1923000160,735304.125
2719100013,349422.3438
3814900380,423574.2188
326049038,441056.5313
1068000110,1322902.75
8835800010,907035.75
1560920200,645773.5625
1668500090,600621.6875
2597530070,924225.125
1139000035,455044.0938
8032700072,636302.125
7732300390,850191.75
5130000080,436242.4688
9276200890,579571.375
342000036,953352.3125
5126300060,641723.375
2331300505,599721.8125
8651410090,293015.6563
200800330,476916.4375
7520000616,248677.7969
7170200110,566148.375
3021059155,360697.5938
3582900280,1053686.5
7340600845,261988.9219
3905040060,663163.125
3224800120,319890.7813
6021503740,556894.3125
2570300130,482845.4063
8121100395,732004.0625
3356404198,305775.8438
3630090050,599113.125
923000413,645962.9375
9201300020,2076741.25
1777600210,471074.9375
7738500731,1352215.125
686900010,755674.25
7967000160,330841.7813
3413700130,420319.1563
7852190290,487205.5625
1180007375,728845.75
3353404510,286270.9063
7802900380,413049.25
8021700715,434708.1875
3205100080,428596.0625
4477000290,836912.375
1118001645,1330314.5
7979900806,516476.8438
7228500415,552480.25
7212660640,520758.5313
3826000735,204260.0938
7714000250,409736.375
4400200057,710723.125
2487200279,650642.125
7140700690,411790.125
3304300080,875135.375
2887950110,206754.6875
3760500222,1127630.125
9269200786,451752.4375
3734900110,781132.375
5045700400,456229.3438
2140950130,338570.4375
2612000200,293831.3438
8563300085,337705.9063
2425059173,562497.75
8091410930,178334.1719
9422400035,795303
1112000100,555719.375
1323089056,577918.4375
5015000596,753557.75
1535204165,583874.25
1438000430,528544.375
3222059130,606891.75
1982200330,661415.875
6624010010,242536.2344
2303900035,1018229
259600620,529463.625
6072500490,640820.375
123039633,237745.0313
8562780090,415188.2813
5249802240,488988.5625
6071200400,655227.1875
826069002,749887
2625079030,538874.25
6742700210,902199.875
9253900408,1736063.625
2560803085,273473.2188
1237500540,244267.9219
425069020,984952.625
9185700440,1298762.25
8656300345,228920.2031
4245400045,323992.0313
9834201370,343127.2813
7853300770,313693.3438
9551201295,1031471.375
898000220,228889.7813
3834000720,398302.9688
1245500690,698421.375
4083304190,822746.25
4178300080,891080.75
2960900045,781700.5
1446801030,311899.9688
7855800910,1156287.625
7853310150,643604.4375
8732131090,244155.4063
7967600285,375413.5938
8651520510,511673.5313
5379802650,257671.1563
1425059174,539860.125
627300105,1498317.25
3124089049,500917.5313
1778350270,587436.625
8691500410,189062.7656
9169600043,604296.8125
100300500,268158.1563
3221069054,653519.375
4443800385,769610.875
7922710450,686338.5625
7880020030,635353.25
3288020050,399367.4688
4136980090,680804.875
1687000240,334937.375
7812801785,223758.8594
1126059144,572314.75
792500260,583072.8125
3222049055,988348.4375
8635750090,590820.6875
2767601280,548759.25
5347200162,382749.5313
7503800210,210636.25
3394100020,936603
7663700783,283041.0313
9454200030,1009801.813
3791500050,328319.9375
582000185,800778.625
3211230260,674392.625
323059103,321419.9063
7297700055,535398.875
1545805460,316332.2188
2341800195,280113.125
6648700150,257699.7969
3860900035,961681.125
1980200236,440396.625
1180002745,266494.7813
3275890310,863959.9375
6840701100,456104.1875
8651402750,183166.5156
1588600045,390623.8125
2422029094,668685.125
1702901500,408212.25
3755100005,357403.0313
3624039074,329980.5938
7950302995,415195.9375
5273200060,589440.5
8025700460,252163.3125
280610020,848951.375
3333002450,449293.6563
7379600240,495066.0313
4058802300,493580.8438
302000065,237552.0469
9527000180,657318.875
3626039403,503653.7188
9510900360,205220.6406
2310040230,426167.9063
7308900490,642050.5
2206900065,350232.3438
324059161,1080900.5
7345310100,185724.1094
2422049107,804838.5625
8146100095,791692.875
87000283,359141.2813
7937600010,262400.7188
2618300350,235792.2969
224069102,535925.0625
7129302095,333544.5
7352200025,1317665.875
6163900333,293109.5938
3528960020,484720.7188
1687000220,366074.8125
4141400030,519650.9688
1822500160,361389.9688
5467910190,1076627.75
9331800580,224159.8281
2407000405,184071.4844
5466700290,330529.8125
3026059361,550591.75
1523069096,663840.8125
3876312010,322510.0313
8832900135,885152.0625
9238900616,468072.5313
4142450040,444131.5625
9282800065,281122.7813
5379800862,235928.5938
2459950010,274880.25
4435000520,203271.0781
1552800010,592788
7549800543,270424.3438
9828200460,802629.875
6345000160,678494.375
7129304105,316264.7813
4302201005,340352.8438
2450500110,1063675.125
5166700050,663745.25
1085623710,523886.5625
1123049129,306144.0938
8566100200,713999.25
1774000780,525321.5
9492500170,812125.1875
686530530,371963.5
4022907770,911551.4375
6052400975,294763.7813
3438502501,246983.0156
3758900023,1384104.375
1645000580,219224.6563
8099200030,306702.2813
7635801371,675512.25
3456000310,490764.75
2025059150,723774.8125
2624039114,635173.375
3348401095,306859.8438
6633900170,621496
2600000510,1000580.938
9414700020,297613.4375
3204800520,450300.375
1844500025,203311.6719
4137010590,431478.7813
8564950280,683089.625
1338800491,948403.3125
4058801702,829936.25
461004720,710748.8125
3123059107,960001.0625
6819100380,762808.6875
1193000390,922376.625
3450300270,281956.7188
3110800040,457277.3125
1437910090,478850.5625
3645500050,492872.2813
4338800600,224343.375
2114700530,189473.7344
6381500450,502590.2188
9206950200,284652.4688
4232900940,750763.4375
1025049174,1213458.25
7774200070,879512.25
1231000310,542740.0625
8155870200,361668.625
7935000625,1097858.375
2426049079,486352.8125
4037500230,498995.0938
2331550120,299486.1563
7974200765,737929.25
686200510,548302.1875
4024100670,705688.875
3834500195,527868
3526059115,677983.875
7950304075,380144.1875
1386800054,337609.3125
9834200165,594740.375
6147650300,411079.4688
6891800360,880179.25
9170500060,702281.0625
65000260,601811.625
7784400130,797223.75
7941140070,344521.5625
2122049096,213636.75
6003000851,842191.25
7203220050,947015.5
8898700960,484010.4375
5245600105,233572.0469
3530470190,196197.1563
7883603965,320950.1563
4022902505,690895.875
3211100240,274459.6563
5119010090,268234.0938
3821000100,223774.4375
7301300050,247446.8594
2171400197,235740.6719
9471201175,1275338.625
2473450200,326750.4063
2258500045,766998.875
1139000400,635373.875
3298701025,384486.9375
1498302774,341355.8125
9276200190,473294.3438
2909300240,557556.0625
1250200693,429672.4688
3101500010,469964.9375
2557000630,235504.3594
1324300091,554715.125
2826049260,750037.5
3342100421,272909.0938
3524049083,642132.5
9103000393,829682
3121059033,346392.6563
7853240200,698447.625
7950700120,360309.1875
1822059057,319989.6563
1219000473,400084.2813
9272201385,724402.625
1336800185,1271838.125
9268851630,521743.7813
2788400315,245189.1406
3529000930,575444.1875
5631500967,772276.125
2188201010,494055.5313
8562970040,436983.5625
4415600030,289497.5938
2473251170,311902.6563
7511200020,647061.25
1163400020,242552.7813
5412400180,383165.75
255450400,308583.7813
1687000210,443150.7813
6749700004,257371.1563
2738650030,578530.875
9136100420,580804.25
1924069115,615477.375
714000155,807385
904000045,781473.625
3395070640,208054.0469
6308000010,556079.25
2695600130,447004.1875
3626039279,316690.2813
1623089039,781258.5
3438501327,413926.3438
8118600025,626498.3125
7625703435,297729.5313
1807900300,706889.25
1862900360,330608.9063
2768100186,596509.875
2524059269,632377.8125
1126059108,693257.9375
7856610130,747046.375
7203000200,459846.4688
3630120700,758444
1612500090,308269.2188
3586500620,997151.625
5207200360,654586.125
6675500035,357700.0313
1781500385,457232.6563
1150900080,865996.75
9541600355,1121912.875
7525530670,832164.25
844000375,386339.9688
9578140180,311868.9688
9558041130,731073.0625
1788800910,248130.75
9550200225,603019.75
8643200055,270159.875
6143000020,440494.5625
8941100095,695941.6875
3630010020,356845.3438
2895800610,323491.0313
822039084,982763.125
5423600080,644487.5
3992700775,638059.75
3816700150,729966.1875
4083302485,721336.125
5127000810,360081.4063
1725059182,722803.625
9485930120,476828.8125
293850040,659265
8731981940,336681.3125
3330501545,311590.9688
1026069061,790173.125
8121200710,512620.3438
3764390100,626275.1875
9493200010,382965.0313
2902201301,709740.375
3444120130,726807.625
5256500025,310936.5938
4022902715,673913.0625
871001500,730391.5
2329700440,211993.6719
1773100275,277692.2813
7852160070,847253.25
2141330560,637009.4375
2505500009,1041034.25
8647800150,243973.6875
4337000200,175711.75
9264901680,347748.3125
1773101050,355589.5
9320990120,211120.625
8856960280,561442.75
5589300585,293038.9063
7935000595,657555.5
7203150080,471553.7188
5616000030,429327.0938
825059178,1210734.375
6666830390,1000165.25
8732900840,658171.5
2095800520,636721.0625
1771000760,413575.125
1901600090,325083.75
8857600680,276965.8125
4038700830,540856.25
8956200070,348327.2813
8081500050,1948288
567000755,611450.8125
424069264,932167.8125
1564000410,689044.9375
2817100910,496980.2188
3303960080,954501.0625
3340401535,248799.5469
1622059095,294412.0313
3278601940,340894.2188
7202380120,614209.75
745500010,844794.1875
6608500220,507240.125
8024201055,456488.875
8929000140,411632.3438
859000160,307155.5625
8673400061,591369.9375
1269200229,1340237.625
6705850300,1002505.313
3395040550,271278.0938
1697000370,200361.3438
5245600120,218727.3281
8892900180,133876.4531
1794500360,692228.375
2025049192,1095654.375
1930301325,704320.625
4217402162,1485900.25
8126300410,476065.2188
3345700215,772150
2887701420,625170.5
2887701251,663040.8125
4036100175,798157.625
6762700515,661574.5
3192000085,267159.0313
226059096,586363.3125
9238900855,635677.5
6706200130,276185.0938
2744000010,210247.1094
7202271060,577426.5
7923200150,533209.375
162500030,255898.7656
2571910210,343166.7188
1523059105,341856.875
6052401215,417899.0313
6626100260,800420.0625
8925100115,1467262.375
5459500165,645767.875
7686202635,207627.0938
1118001370,1508628.625
122029066,431148.2188
8039900130,596620.5
3262300235,1577850.125
8860500300,335876.2813
8956000250,657374.3125
1646501920,474980.2188
9284801500,387121.5938
1442880380,641740.1875
1311500020,217075.4844
254000695,327270.1875
9477101280,356763.3125
9510970530,785995.25
6891800500,779567.75
9407000230,301826.4375
7202340590,671903.25
8151600590,421272.6875
9407001600,311726.9063
1771000690,292769.7813
1525069134,617089.3125
8645540040,297748.7813
9414500200,471938.4688
7883607645,224748
3845100140,407306.3438
2726049164,590200.875
4340610040,296235.9375
1245003006,784840.375
1105000373,338922.5938
6083000123,238662.3281
1777600450,599781.8125
9558000100,653794.125
2473002060,621572.4375
943100689,312553.7188
7544800395,602679.6875
1931300090,863507.4375
7936000252,795046.75
7987400316,510357.9688
5152700060,814122.5625
1721801025,173166.8594
3438501450,376799.3438
9222400510,467346.1563
1796700160,317543.5
323059208,370430.7188
3392100050,278245.3438
4038500210,595269
6324000090,666861.5625
7549802535,482739.4063
3343900326,550335
5701700640,1466257.25
5249803185,476182.2188
8838900032,861280
1237500577,784702.3125
8642600090,390885.1563
3303100075,374908.8438
2133020020,637454.25
7950302890,494080.6563
2770601734,653587.25
2538410140,579435.125
8159600360,641158.5
917000300,480694.0938
2391600330,668844
9285800585,631871.75
2005950050,205557.2656
6450301835,235489.3438
2473480520,319758.4063
2818600010,980902.75
952006728,506326.875
3422049088,642405.1875
3629870420,665623.75
1079350090,506999.4688
1509500060,454933.7188
4039000050,639088.5
5288200230,508424.25
626400020,1113240
5457300095,1267163.5
5000500055,231309.0938
324000530,473520.6563
6713100031,399606.5313
3316500200,505974
3124059006,667576.875
1125079111,1172244
7852020300,662355.75
123039364,314807.8438
7883603190,234155.75
9828700900,801649.625
6821100015,644744.875
9522100375,635400.8125
2420069201,257049.1719
7504110330,628391.4375
475000510,522584.375
2425059074,786465.125
7518503685,544998.75
5466400550,236833.2188
7852150720,514299.6563
3066400140,736812.625
3298400470,411854.6875
2902200874,553934.6875
9500900110,213479.8594
8835200160,338337.0938
6056100295,424309.0313
1858600042,313250.2813
7224500010,245577.0469
5457801925,670826
7575620750,286481.1875
2391600735,330885.9063
6192400180,599382.625
5249803870,412003.75
3575302880,500678.2188
7225000045,275800.7813
5561720180,344696.8438
1972200428,552197.5
892000025,169039.9219
2944510080,248665.0469
2428100100,864769.375
6647400250,453757.1875
121059038,472218.1563
6398000191,584056.25
526059103,611025.8125
8856960720,276654.5
3832500260,223767.1406
1623089025,449277.2813
3625710080,1226108.5
6446200060,809552.4375
5706200370,502583.2813
5515600088,225469.0156
8029500360,423303.4375
6700390150,436768.1875
642500080,441782.7813
6150700264,222017.9688
2473371780,258346.4844
3905120540,724800.625
2652501215,948119.75
3176100110,891420.6875
7574910650,805933.75
6385800030,203021.8281
4443800960,514540.0938
8731951490,255049.7344
3380900125,456634.6563
9828701508,766475.5
6699950310,363520.9063
3321049112,325845.6563
1824079052,734320.1875
8032700140,438233.4063
8679600150,852524.125
5040800120,908446.4375
2026059119,531292.5625
4024100951,410235.6563
7212650990,498966.4688
936000060,406072.6563
6181500340,539677.25
1137400050,377260.1875
3324079092,531393
4268200055,430141.5938
6145602240,443619.8438
475000176,466278.9688
3279000120,385756.8438
9392200030,196746.6719
3438500714,282390.0938
4306500070,462980.4688
8588000610,244309.9844
792500190,632934.875
2461900850,459764.7813
2660500365,618399
5451210100,610291.875
2787000040,357430.4688
3278602670,295228.5
9528100899,598225
1324079085,346604.3438
9477001140,182132.8906
9521100880,477686.2813
7853210060,398790.6563
1326069094,535069.3125
3420069065,378884.0313
5468730280,274989.3125
5437600140,572722.0625
5127000410,306981.1875
5445300050,537563.3125
3375300360,258886.7031
9297800165,475637.3125
6021500840,701833.4375
4323700230,663451.5
643000110,180977.7031
8043700105,1209615.75
6824100014,475643.2188
9542830480,354015.8438
736100065,1165186.125
2592210510,921737.625
4233600260,581103.75
1266200015,606859
2787700060,329342.8125
8843900396,522588.7813
8029500380,465342.9063
5292200010,471103.2813
1773100980,266655.8438
2886200070,974730.75
8594400110,567329.5
9268850180,413919.7813
4141800285,902589.25
3188100007,409626.7813
1796380960,272798.2813
7202330030,483351.6563
8078440140,469594.375
7983200060,231732.2969
4427100025,250750.375
2113700510,252814.0469
6446200305,806726.75
3425079088,909612
3304040130,553181.4375
3222069153,606384.0625
5127000470,284081.5625
7525100520,527584.6875
1868902745,838679.5
2920700220,396118.6875
1105000780,254246.8906
8563080020,538904.875
3630090110,565126.3125
856000195,888450.125
8649401000,303965.2813
1315300095,709179.125
6802200670,182045.6719
1523069022,333707.0938
2624049165,593952.625
1972202080,682700.75
7211340030,244636.5781
8850000180,545423.4375
2787250080,879249.375
4235401055,691273.5
5226500250,378066.5625
3294700421,258489.6406
322069180,633125.375
1025059186,739968.375
1923039022,457064.25
1402600110,501001.5938
6817810190,488482.3438
434000030,713885.625
6056110460,412498.1563
4337000285,230974.8438
5710610250,699570.875
1049010620,463540.4688
5112800234,417280.9063
2309000060,745891.8125
2985800030,679962.3125
1604601570,327306.5938
1563102435,960609.125
257000105,294951.1875
6788201440,581837.25
1442300005,403576.2188
4055700784,698448.1875
3889100029,738236.5625
4139450760,903726.5625
6079500230,699370.625
259601010,789996.125
3980300020,634965.875
9390700100,345754.4063
7200001005,496973.5
9264920250,519744.75
8682260470,677069.9375
4083303815,700939.5625
7383450250,424381.2813
253600180,449348.4063
1450000210,194655.1094
1133000100,617677.3125
7511000050,820663.25
5710600030,521681.1563
4178300310,585585.875
3041700570,736148.8125
1238500978,449528.5938
431500155,628157.375
2937300050,998302.5
1352300315,325527.4688
3277800823,205273.3906
8895800110,856161.25
9274200318,561808.5625
1118001805,1596651.75
629810720,678598.25
6852700476,585233.25
7345200650,309871.1563
8929000290,434127.4063
5506500170,577024.25
8899000140,365450.375
4006000423,389103.7813
7137910140,207267.1875
2423020010,470852.5625
40000362,251175.5313
1657000070,409335.3125
2124700015,351283.1563
1887500045,310085.1563
6838000170,717359.875
1310910290,357852.7813
3599600276,241048.2031
8142000080,288138.5313
8856971000,719534.375
624100950,803950.375
2767704332,474653.7188
405100165,470872.75
6117501755,477000.5625
8961950410,686130.9375
1523550480,587159.25
6840701160,732829
3331500650,548161.5625
1862400517,410356.625
9558021000,371748.0938
1310800090,181043.5625
5104511040,480757.7188
522059189,284022.2188
3448720020,257670.3438
1310700330,249121.9531
5649600462,293930.875
1853000510,1115375
8128700005,309381.2188
6352600210,781910.625
3754500010,657864.25
1962200475,867147.25
1773100765,330546.0313
8895800200,773953.5
1310900260,561983.625
809001525,897650.1875
2624049103,491979.3438
9191200380,769609.75
6600060120,291083.9063
8150100045,678794.625
9558010190,555090
4038700930,600607.1875
2883200775,971215
4036800910,499740.2813
8673400177,464386.0938
7110000068,1183931.625
3279000240,232855.6719
9545230280,612876.625
8815400105,722362.5
6738700075,823558.875
8732030490,416808.3438
9532000070,467164.375
7752400075,573990.5
3824100051,322162.8438
2768000270,612658.1875
108000127,277159.5625
844000225,282104.2188
6817850040,883574.125
4447300137,535424.125
8598900125,270295.7188
5072410070,554899.3125
7129300520,457734.6563
3830210020,238470.0469
4137040250,286013.1875
3022079080,718178.375
722039087,327093.1563
3924500040,500254.7813
2473381090,227949.3906
2201500490,418966.5938
9265410090,206999.6719
9286750100,235387.5469
2023700040,614812.0625
324000280,548866
3814800280,193681.6406
7697100030,656378.625
8731900790,387015.4688
8044700010,685541.8125
6123600100,225782.2656
1450100390,184663.1719
579000550,663960.6875
2459000020,417043.7813
5016000315,708268.25
1193000190,837239.0625
4038700730,460122.7813
1556200265,860593.4375
6600410170,289586.25
642800130,419595.6563
1043000100,445079.8438
7809200055,278869.9375
7010700308,588737.4375
8680500090,490964.4063
2719100355,644670.875
7905200147,685008.25
271200130,198912.2969
326049103,521460.4375
8682211030,982789.375
1070000390,726775.25
8648700450,904885.6875
2695600410,409984.0313
8562710640,1243440.125
1525200060,828301.125
1822039138,426930.8438
2767601375,596909.5625
3425069117,873307.5
952004570,292192.9375
7625702616,388252.5938
9818700430,745905.8125
2822059091,227519.8906
1775900220,281285.9063
6371000079,549030.375
293760150,784639.25
1336800880,1004266.813
2771600550,1003456.75
3905040040,652339.625
7787110060,662497.625
7708250040,433913.2813
4022901316,402098
191100235,640518
7852050220,468359.7813
3293700480,576002.375
2597450620,1463687
6169900580,816947.625
2767602855,687681.0625
810000080,840062.125
6392000625,544538.75
1865810290,213694.3906
1568100380,330405.0938
5249804760,641037.4375
1337801060,1134784.875
6181410950,320401.4688
9264900660,460794.8125
9122001231,671244.75
4427100030,307125.2813
7334400070,568069.125
425079001,659106.5
7436500360,603591.4375
1245001295,606168.625
1310500550,361366.5313
4047200950,320421.0313
9103000455,665796.625
2291400341,354704.9063
3876100310,481086.0313
7131300031,276843.7813
7853380510,646647.25
7409700215,969427.5625
5248800250,310616.5313
126039323,528758.125
6632300207,289952.0313
3826501060,299540.3438
8024202520,450473.9375
3343901401,366805.2188
6431000005,589976.125
9232900075,375119.5313
3056700150,215675.2969
5104511250,674205.125
3658700510,542971
2895110062,396395.9688
7454000990,313169.5313
4038700680,566310.75
7811220070,728784.5625
8091670030,466418.4375
3438503045,353187.8125
6388900710,640621.1875
7956300020,197039.6094
1775930440,421981.0938
1762600190,597852
6600400260,366485.0938
8728550150,668325.9375
8155500110,658442.9375
9169600135,682222.375
1777600490,447165.8438
125059179,603977.75
7558700030,2262258
1702900624,494431.1563
3343901403,531925.3125
5101400994,512651.875
5547500050,254334.9531
1705400350,547053.25
629810800,1008268.375
4104900150,854240.75
7888000390,178545.4531
4140900270,866961.125
6649900030,596679.625
820000012,330078.1563
6151800080,820230.125
7454001060,273104.5313
8682262330,573944.5
1566100010,618116.5
1180500070,321904.625
1112630130,482039.6563
3101500090,422367.2813
8682310220,836876.1875
4032500035,363310.3438
1623800440,659029.75
1088400190,301709.25
751000080,402358.5625
6675500070,466586.7188
2193340140,589980.875
522049074,163511.7813
3204500340,611438.5
5104200470,269070.0625
7517500611,754088.375
2946002140,282504.5313
7631800110,709260.9375
3529300330,249814.7031
3885801970,762836.5625
5456000570,891380
4123810090,458305.7188
4037000635,630680.3125
8079030350,431197.4375
1726069060,638429.4375
6858700225,509148.6875
3356406510,275304.5
5423030040,622751.5625
3111300040,598066.625
259800060,589610.375
1972202320,612442.0625
5100403818,376053.4063
1422700040,230678.6719
3625049014,1361329.25
7852011040,1003213
1201500010,808855.375
7195800009,440723.9375
9407001320,477113.125
9508850100,536962.1875
1328340380,315690.9688
3885804305,1044630.125
7128300630,448634.625
7574000080,346809.75
3744000150,521264.5313
2607720150,541211.75
7203190110,647499.3125
3904902430,725606.1875
11501160,757720.4375
9209900315,461336.5938
9465910030,500818.7813
3622069103,730060.75
3288301010,544083
4395600060,745900
7694200380,343979.0313
9552700550,792538.5
9264921110,327747.6563
6738700225,856869.6875
293620220,811507.5
7525300310,1050923.625
3992700036,453787.9063
3577300040,437351.2188
3812400202,341808.5313
2402100055,462510.9375
1853080790,894895.1875
1994200260,679167.1875
1339300025,911900
7616200050,463614.5
4022902555,406572.8438
9528102110,495553.25
6613001241,1355437.5
3205400240,293524.625
6065300840,1755072.5
7852040080,493327.6875
1920079039,310192.4063
2817910030,801061.25
1563102880,839209.625
8561200110,368588.4375
629000605,724356.5
2781270440,379292.75
6152900273,224815.9219
3303950130,511151.75
6411600113,319934.625
4055700167,1076276.125
291310310,394646.3125
9523100550,690027.625
724069070,879325.375
2408800120,403466.2813
7559600200,503030.0313
8165500790,372196.4375
7856620870,562937.375
1588600040,434909.3438
1023059246,499144.4063
1938000140,581719.5
6061400160,363411.6875
4167300350,282243.7188
8649400790,280007.625
173000036,446874.2188
225039049,641843.875
8043700300,1469214.125
3834000400,369058.7188
4054530260,762580.5625
8724300010,513272.2813
9358002232,560209.1875
3298700012,352316.0313
1125059071,736204
3885805300,756979.375
5315100784,605171.6875
3861400030,932209.125
7202340010,513200.5313
7272001805,295409.4375
2781250230,317030.1875
1042700300,798806.625
123039279,211415.0156
3760500336,1510869.5
6979940100,653894.25
686300880,458292.3438
5214500690,553985.4375
6021502250,830324
1320069223,335181.0313
2871000300,643370.9375
2724069117,411348.3438
1159400220,690338.4375
2571900380,287954.9063
5528600050,322175.4063
7686202730,246532.1406
2225059118,889104.125
2558630350,447850.5938
3655400060,363387.4063
9558200080,241548.8125
1796100015,472792.4688
3378900020,335405.5313
5416500040,535238.625
8856004582,292495.0625
3812400107,517115.75
6126601445,413115.4688
2997800021,517883.7188
1211000280,560458.8125
766800090,426258.5313
3224079005,231866.75
619000100,423829.4688
4319200620,566563.1875
626059335,474839.4063
3340401570,211880.375
7015200800,805284.5
8106300510,600507
1446110020,448166.5313
2872900280,537469.6875
8965500320,789432.5
7853300070,548458.75
5652601455,710724.625
7579200915,592464.5
2641400160,407177.7188
203900460,488219.5313
2998800040,818389.9375
7519000170,613933.5625
923000425,651513.3125
2973800030,174829.1094
6430500182,673528
7304301010,276067.3438
3861470110,1340484.875
2296500136,764391
6790950150,642593.9375
8123100045,354486.6875
3142600130,620876.0625
7137970130,562739.6875
8656800190,606383.4375
7135300046,205841.375
3629960680,575621.5
1133000385,652789.25
1085621960,287734.0313
9542802000,247482.0781
8151600973,337342.8438
7019000050,414486.0313
6021501920,742203.6875
7399300420,225183.75
7548300731,499948.9375
5316100220,1128983.5
5152600090,264597.5313
1703400470,334845.0313
7316400070,487120.875
5561300380,704264.25
2215450100,389905.4063
8635750330,546020.875
9492500140,595503
5315100393,592471.625
8588000315,246583.8281
7524200180,195949.0469
4235400255,748616.9375
326069131,526984.1875
4077800026,773927.25
9477000120,278253.2188
5608000590,1005037.563
4137050130,426429.2813
5249801440,238686.8281
9264901510,323896.8438
5437820250,214487.7344
200500410,398550.2813
9407111100,192398.2188
126039252,348245.5313
6141100255,362010.1563
3013300830,492933.3438
3271300955,831261.625
3021059276,239859.625
9542000050,658316.625
2769600035,740223.75
3824100364,506268.0938
1726069202,662322.875
7327500270,350910.5938
1189000207,592418.875
2472950160,317296.1563
9558040050,775341.75
3438503120,349995.5938
9407150240,244061.8438
1370804295,996623.4375
5700001100,687802.0625
6837820030,518944.2813
5411600210,604700.625
5061300030,245345.8281
525069133,876033.9375
2121000250,259409.2813
3179100720,725798.5625
2780700050,406993.2813
1545805820,535527
5702380630,208560.8438
9211010260,454666.8438
7129300595,357251.4688
6802200100,281403.75
3304030140,526268.875
2623039019,979516.125
104500730,256078.5781
2924069132,564451.1875
1775500310,620887.125
8114000040,326237.2813
2011400021,534076
7525570020,707256.625
2917200615,524307.875
7697000170,362244.375
7871500070,851006.25
7215722010,540607.25
6300000378,298380.6563
7159200005,2292615.25
8946410040,416508.6875
3893100327,280061.9063
635000009,1350105.75
2322069116,417690.5938
2760200050,300036.875
3432500210,289689.7813
5700000245,785145.125
7588700177,521029.7813
9178600135,838201.75
9830200475,704204.5
8562780160,344855.9688
9826701665,551952.625
7504010900,896797.8125
2770606915,419913.8438
1254200075,555562.375
2473450430,528661
1433290010,451983.9688
7586200061,457338.2813
6841700070,531727.25
9826701320,644868
8943600720,283950.8438
6791900260,637730.375
2301400640,741438.25
7979900210,417663.9688
4037200665,571036.625
984000650,243408.1406
2937300060,859020.6875
8731982190,296797.5938
1445200190,273834.0313
952003285,515278.625
1402970020,453299.8125
2487700274,329276.9375
8113101670,354666.2813
8682300400,672531.625
809002435,669436.125
4045900147,527251.4375
2991000400,280114.4375
9456200405,207439.4219
5104510370,451092.0938
9414610240,595317.4375
2111010760,499206.5313
1854900430,618126.375
2624300080,694238
3645100280,470079.625
1433100010,278174.1563
9533600100,1131182.375
6743700030,668058.6875
9294300070,885757.8125
2114700540,177140.5156
7853280550,783198.75
868000175,694388.3125
1446401290,187533.1875
9109000050,449931.8125
8856004327,232057.2188
2329800110,290027.3125
3031200230,272785.9375
7582700075,1248533.875
2422049104,186606.2344
9274202885,780023.6875
1770000090,387876.0313
9500900430,231137.5
7305900082,282959.3125
3336000170,471720.1563
5680000455,551562.125
9808630210,1029775.313
8807810110,401074.5313
3824100211,663281.9375
3423059153,770506.6875
3937900120,657071
524059323,790060.1875
4305600250,432834.4063
1257201375,615624.625
853600150,890902.625
2424059174,1195795.375
5205000400,518001.8125
2658000115,372400.25
3055800020,491180.9688
357000025,775052.0625
5666300010,289177.0313
4167700210,299399.4375
9187200275,809414.375
2960900040,775589.875
1021049022,527484.0625
7750500120,272909.2188
7153200160,1141855.625
4406000390,246150.4688
629800380,1135725
2026049125,350442.7813
6117502230,1359547.75
3379100130,313197.1563
2472920140,608174.5625
7214720075,740966.875
1771110070,419387.7813
5127001600,326940.7188
6666860210,334028.5938
5467200055,559179.6875
7819000040,450520.9688
3790700070,281873.4063
6362900138,444873.1563
597000593,541160.5625
8032700070,589179.375
9301300215,638717.375
8902500118,527232.625
6607000095,405472.4688
2163900081,901323.875
7732500270,754908.25
3856903515,675537.8125
2557000400,171449.8594
4386700135,1257402.375
7399000360,248081.1719
